Taxon ID,Gruppe,Trivialname,Taxon,Link zum Taxon,Gemeinde(n),Kanton(e),Fundort,Höhe,Koordx,Koordy,Radius,Räumliche Zusammenfassung,Anzahl,n Nachweise,Jahr,Monat,Tag,Fortpflanzungsnachweis,Herkunft,"Beobachter/in, Sammler/in",ID Beobachtung,Rote Liste,Priorität CH,UZL,WZL,Massnahmebedarf,Monitoring-Bedarf,NHV,SMARAGD,infoflora: Kantonaler Schutzstatus,infoflora: Rote Liste regional,Habitat,Substrat,swisslichens: Ecotyp,Ordnung,Familie,swissfungi: funktionelle Gruppe,Indigenat CH,Standortfremd,Einführung
infoflora:40600,Gefässpflanzen,Gewöhnliche Rauhaar-Gänsekresse,Arabis hirsuta (L.) Scop.,www.infoflora.ch/flora/1004460,Laupen,BE,Laupenau. Exposition: W; Hauptvegetation: Halbtrockenrasen mit Fettzeigern und Saumarten; Verbuschung: 0 - 3 %; Hauptnutzung: Mähwiese oder Mähweide.,478,2584692,1197087,5,A,,,2005,5,13,,BAFU / OFEV / UFAM (TWW - PPS),Styner Eva,480113,LC,K,,,,,,,,NT,,,,,Brassicaceae,,INN,,
infoflora:168590,Gefässpflanzen,Schaf-Schwingel,Festuca ovina aggr.,www.infoflora.ch/flora/1019310,Laupen,BE,Laupenau. Exposition: W; Hauptvegetation: Halbtrockenrasen mit Fettzeigern und Saumarten; Verbuschung: 0 - 3 %; Hauptnutzung: Mähwiese oder Mähweide.,478,2584692,1197087,5,A,,,2005,5,13,,BAFU / OFEV / UFAM (TWW - PPS),Styner Eva,480114,LC,K,,,,,,,,NT,,,,,Poaceae,,INN,,
infoflora:404300,Gefässpflanzen,Acker-Spark,Spergula arvensis L.,www.infoflora.ch/flora/1044970,Gurmels,FR,,,2583500,1197500,707,B,,,2019,6,15,,"Info Flora, Andreas Gygax",Gygax Andreas,7814965,VU,4,Z,,1,0,,,,VU,,,,,Caryophyllaceae,,INN,,
infoflora:304000,Gefässpflanzen,Gewöhnliche Kleine Bibernelle,Pimpinella saxifraga L.,www.infoflora.ch/flora/1033970,Laupen,BE,Muehleberg,478,2584476,1197625,5,A,,,2018,6,7,,"Info Flora, Daniel Slodowicz",Kurtogullari Yasemin,12447798,LC,K,,,,,,,,NT,,,,,Apiaceae,,INN,,
infoflora:344800,Gefässpflanzen,Kleiner Klappertopf,Rhinanthus minor L.,www.infoflora.ch/flora/1038290,Laupen,BE,Muehleberg,478,2584476,1197625,5,A,,,2018,6,7,,"Info Flora, Daniel Slodowicz",Kurtogullari Yasemin,12448989,LC,K,L,,,,,,,NT,,,,,Orobanchaceae,,INN,,
infoflora:344800,Gefässpflanzen,Kleiner Klappertopf,Rhinanthus minor L.,www.infoflora.ch/flora/1038290,Laupen,BE,Muehleberg,478,2584476,1197625,5,A,,,2018,6,7,,"Info Flora, Daniel Slodowicz",Kurtogullari Yasemin,12448991,LC,K,L,,,,,,,NT,,,,,Orobanchaceae,,INN,,
infoflora:344800,Gefässpflanzen,Kleiner Klappertopf,Rhinanthus minor L.,www.infoflora.ch/flora/1038290,Laupen,BE,Muehleberg,478,2584476,1197625,5,A,,,2018,6,7,,"Info Flora, Daniel Slodowicz",Kurtogullari Yasemin,12448990,LC,K,L,,,,,,,NT,,,,,Orobanchaceae,,INN,,
infoflora:422950,Gefässpflanzen,Wiesen-Bocksbart,Tragopogon pratensis L.,www.infoflora.ch/flora/1047180,Laupen,BE,Laupenau. Exposition: W; Hauptvegetation: Halbtrockenrasen mit Fettzeigern und Saumarten; Verbuschung: 0 - 3 %; Hauptnutzung: Mähwiese oder Mähweide.,478,2584692,1197087,5,A,,,2005,5,13,,BAFU / OFEV / UFAM (TWW - PPS),Styner Eva,480093,LC,K,,,,,,,,NT,,,,,Asteraceae,,INN,,
infoflora:422950,Gefässpflanzen,Wiesen-Bocksbart,Tragopogon pratensis L.,www.infoflora.ch/flora/1047180,Laupen,BE,Muehleberg,478,2584476,1197625,5,A,,,2018,6,7,,"Info Flora, Daniel Slodowicz",Kurtogullari Yasemin,12449762,LC,K,,,,,,,,NT,,,,,Asteraceae,,INN,,
infoflora:422950,Gefässpflanzen,Wiesen-Bocksbart,Tragopogon pratensis L.,www.infoflora.ch/flora/1047180,Laupen,BE,Muehleberg,478,2584476,1197625,5,A,,,2018,6,7,,"Info Flora, Daniel Slodowicz",Kurtogullari Yasemin,12449763,LC,K,,,,,,,,NT,,,,,Asteraceae,,INN,,
infoflora:422950,Gefässpflanzen,Wiesen-Bocksbart,Tragopogon pratensis L.,www.infoflora.ch/flora/1047180,Laupen,BE,Muehleberg,478,2584476,1197625,5,A,,,2018,6,7,,"Info Flora, Daniel Slodowicz",Kurtogullari Yasemin,12449764,LC,K,,,,,,,,NT,,,,,Asteraceae,,INN,,
infoflora:800,Gefässpflanzen,Berg-Ahorn,Acer pseudoplatanus L.,www.infoflora.ch/flora/1000130,Mühleberg,BE,"Saane, Laupenau",480,2584850,1197010,50,A,,,1996,,,,Université de Neuchâtel,Roulier Christian,1570822,LC,K,,,,,,,,LC,,,,,Sapindaceae,,INN,,
infoflora:6300,Gefässpflanzen,Bisamkraut,Adoxa moschatellina L.,www.infoflora.ch/flora/1000880,Mühleberg,BE,"Saane, Laupenau",480,2584850,1197010,50,A,,,1996,,,,Université de Neuchâtel,Roulier Christian,1606609,LC,K,,,,,,,,LC,,,,,Adoxaceae,,INN,,
infoflora:6800,Gefässpflanzen,Geissfuss,Aegopodium podagraria L.,www.infoflora.ch/flora/1000930,Mühleberg,BE,"Saane, Laupenau",480,2584850,1197010,50,A,,,1996,,,,Université de Neuchâtel,Roulier Christian,1600342,LC,K,,,,,,,,LC,,,,,Apiaceae,,INN,,
infoflora:6800,Gefässpflanzen,Geissfuss,Aegopodium podagraria L.,www.infoflora.ch/flora/1000930,Mühleberg,BE,"Saane, Laupenau",480,2584850,1197010,50,A,,,1996,,,,Université de Neuchâtel,Roulier Christian,1606602,LC,K,,,,,,,,LC,,,,,Apiaceae,,INN,,
infoflora:7400,Gefässpflanzen,Kleiner Odermennig,Agrimonia eupatoria L.,www.infoflora.ch/flora/1001010,Laupen,BE,Muehleberg,478,2584476,1197625,5,A,,,2018,6,7,,"Info Flora, Daniel Slodowicz",Kurtogullari Yasemin,12443607,LC,K,L,,,,,,,LC,,,,,Rosaceae,,INN,,
infoflora:7400,Gefässpflanzen,Kleiner Odermennig,Agrimonia eupatoria L.,www.infoflora.ch/flora/1001010,Laupen,BE,Muehleberg,478,2584476,1197625,5,A,,,2018,6,7,,"Info Flora, Daniel Slodowicz",Kurtogullari Yasemin,12443608,LC,K,L,,,,,,,LC,,,,,Rosaceae,,INN,,
infoflora:7400,Gefässpflanzen,Kleiner Odermennig,Agrimonia eupatoria L.,www.infoflora.ch/flora/1001010,Laupen,BE,Muehleberg,478,2584476,1197625,5,A,,,2018,6,7,,"Info Flora, Daniel Slodowicz",Kurtogullari Yasemin,12443606,LC,K,L,,,,,,,LC,,,,,Rosaceae,,INN,,
infoflora:7400,Gefässpflanzen,Kleiner Odermennig,Agrimonia eupatoria L.,www.infoflora.ch/flora/1001010,Laupen,BE,Muehleberg,478,2584476,1197625,5,A,,,2018,6,7,,"Info Flora, Daniel Slodowicz",Kurtogullari Yasemin,12443605,LC,K,L,,,,,,,LC,,,,,Rosaceae,,INN,,
infoflora:9300,Gefässpflanzen,Kriechendes Straussgras,Agrostis stolonifera L.,www.infoflora.ch/flora/1001130,Mühleberg,BE,"Saane, Laupenau",480,2584820,1197270,50,A,,,1996,,,,Université de Neuchâtel,Roulier Christian,1600416,LC,K,,,,,,,,LC,,,,,Poaceae,,INN,,
infoflora:10400,Gefässpflanzen,Kriechender Günsel,Ajuga reptans L.,www.infoflora.ch/flora/1001230,Laupen,BE,Laupenau. Exposition: W; Hauptvegetation: Halbtrockenrasen mit Fettzeigern und Saumarten; Verbuschung: 0 - 3 %; Hauptnutzung: Mähwiese oder Mähweide.,478,2584692,1197087,5,A,,,2005,5,13,,BAFU / OFEV / UFAM (TWW - PPS),Styner Eva,480118,LC,K,,,,,,,,LC,,,,,Lamiaceae,,INN,,
infoflora:10400,Gefässpflanzen,Kriechender Günsel,Ajuga reptans L.,www.infoflora.ch/flora/1001230,Laupen,BE,Muehleberg,478,2584476,1197625,5,A,,,2018,6,7,,"Info Flora, Daniel Slodowicz",Kurtogullari Yasemin,12443670,LC,K,,,,,,,,LC,,,,,Lamiaceae,,INN,,
infoflora:10400,Gefässpflanzen,Kriechender Günsel,Ajuga reptans L.,www.infoflora.ch/flora/1001230,Laupen,BE,Muehleberg,478,2584476,1197625,5,A,,,2018,6,7,,"Info Flora, Daniel Slodowicz",Kurtogullari Yasemin,12443671,LC,K,,,,,,,,LC,,,,,Lamiaceae,,INN,,
infoflora:24800,Gefässpflanzen,Bärlauch,Allium ursinum L.,www.infoflora.ch/flora/1002790,Mühleberg,BE,"Saane, Laupenau",480,2584850,1197010,50,A,,,1996,,,,Université de Neuchâtel,Roulier Christian,1606593,LC,K,,,,,,,,LC,,,,,Amaryllidaceae,,INN,,
infoflora:24800,Gefässpflanzen,Bärlauch,Allium ursinum L.,www.infoflora.ch/flora/1002790,Ferenbalm,BE,,,2584500,1197500,707,B,,,2015,6,25,,"Info Flora, Sandra Reinhard",Reinhard Sandra,4650803,LC,K,,,,,,,,LC,,,,,Amaryllidaceae,,INN,,
infoflora:25300,Gefässpflanzen,Grau-Erle,Alnus incana (L.) Moench,www.infoflora.ch/flora/1002850,Mühleberg,BE,"Saane, Laupenau",480,2584850,1197010,50,A,,,1996,,,,Université de Neuchâtel,Roulier Christian,1564219,LC,K,,,,,,,,LC,,,,,Betulaceae,,INN,,
infoflora:33600,Gefässpflanzen,Busch-Windröschen,Anemone nemorosa L.,www.infoflora.ch/flora/1003770,Laupen,BE,Laupenau. Exposition: W; Hauptvegetation: Halbtrockenrasen mit Fettzeigern und Saumarten; Verbuschung: 0 - 3 %; Hauptnutzung: Mähwiese oder Mähweide.,478,2584692,1197087,5,A,,,2005,5,13,,BAFU / OFEV / UFAM (TWW - PPS),Styner Eva,480132,LC,K,,,,,,,,LC,,,,,Ranunculaceae,,INN,,
infoflora:34100,Gefässpflanzen,Wilde Brustwurz,Angelica sylvestris L.,www.infoflora.ch/flora/1003820,Gurmels,FR,,,2583500,1197500,707,B,,,2020,8,1,,"Info Flora, Andreas Gygax",Gygax Andreas,9264012,LC,K,L,,,,,,,LC,,,,,Apiaceae,,INN,,
infoflora:35500,Gefässpflanzen,Duftendes Ruchgras,Anthoxanthum odoratum aggr.,www.infoflora.ch/flora/1003960,Laupen,BE,Laupenau. Exposition: W; Hauptvegetation: Halbtrockenrasen mit Fettzeigern und Saumarten; Verbuschung: 0 - 3 %; Hauptnutzung: Mähwiese oder Mähweide.,478,2584692,1197087,5,A,,,2005,5,13,,BAFU / OFEV / UFAM (TWW - PPS),Styner Eva,480123,LC,K,,,,,,,,LC,,,,,Poaceae,,INN,,
infoflora:35400,Gefässpflanzen,Duftendes Ruchgras,Anthoxanthum odoratum L.,www.infoflora.ch/flora/1003970,Laupen,BE,Muehleberg,478,2584476,1197625,5,A,,,2018,6,7,,"Info Flora, Daniel Slodowicz",Kurtogullari Yasemin,12444012,LC,K,L,,,,,,,LC,,,,,Poaceae,,INN,,
infoflora:35400,Gefässpflanzen,Duftendes Ruchgras,Anthoxanthum odoratum L.,www.infoflora.ch/flora/1003970,Laupen,BE,Muehleberg,478,2584476,1197625,5,A,,,2018,6,7,,"Info Flora, Daniel Slodowicz",Kurtogullari Yasemin,12444013,LC,K,L,,,,,,,LC,,,,,Poaceae,,INN,,
infoflora:35400,Gefässpflanzen,Duftendes Ruchgras,Anthoxanthum odoratum L.,www.infoflora.ch/flora/1003970,Laupen,BE,Muehleberg,478,2584476,1197625,5,A,,,2018,6,7,,"Info Flora, Daniel Slodowicz",Kurtogullari Yasemin,12444014,LC,K,L,,,,,,,LC,,,,,Poaceae,,INN,,
infoflora:38000,Gefässpflanzen,Gemeiner Ackerfrauenmantel,Aphanes arvensis L.,www.infoflora.ch/flora/1004210,Gurmels,FR,,,2583500,1197500,707,B,11–25 (Individuen),,2019,6,15,,"Info Flora, Andreas Gygax",Gygax Andreas,7814964,LC,K,L,,,,,,,LC,,,,,Rosaceae,,INN,,
infoflora:44300,Gefässpflanzen,Gewöhnliches Quendelblättriges Sandkraut,Arenaria serpyllifolia L.,www.infoflora.ch/flora/1004810,Laupen,BE,Laupenau. Exposition: W; Hauptvegetation: Halbtrockenrasen mit Fettzeigern und Saumarten; Verbuschung: 0 - 3 %; Hauptnutzung: Mähwiese oder Mähweide.,478,2584692,1197087,5,A,,,2005,5,13,,BAFU / OFEV / UFAM (TWW - PPS),Styner Eva,480124,LC,K,,,,,,,,LC,,,,,Caryophyllaceae,,INN,,
infoflora:45900,Gefässpflanzen,Französisches Raygras,Arrhenatherum elatius (L.) J. Presl & C. Presl,www.infoflora.ch/flora/1004930,Laupen,BE,Laupenau. Exposition: W; Hauptvegetation: Halbtrockenrasen mit Fettzeigern und Saumarten; Verbuschung: 0 - 3 %; Hauptnutzung: Mähwiese oder Mähweide.,478,2584692,1197087,5,A,,,2005,5,13,,BAFU / OFEV / UFAM (TWW - PPS),Styner Eva,480139,LC,K,,,,,,,,LC,,,,,Poaceae,,INN,,
infoflora:45900,Gefässpflanzen,Französisches Raygras,Arrhenatherum elatius (L.) J. Presl & C. Presl,www.infoflora.ch/flora/1004930,Laupen,BE,Muehleberg,478,2584476,1197625,5,A,,,2018,6,7,,"Info Flora, Daniel Slodowicz",Kurtogullari Yasemin,12444322,LC,K,,,,,,,,LC,,,,,Poaceae,,INN,,
infoflora:45900,Gefässpflanzen,Französisches Raygras,Arrhenatherum elatius (L.) J. Presl & C. Presl,www.infoflora.ch/flora/1004930,Laupen,BE,Muehleberg,478,2584476,1197625,5,A,,,2018,6,7,,"Info Flora, Daniel Slodowicz",Kurtogullari Yasemin,12444325,LC,K,,,,,,,,LC,,,,,Poaceae,,INN,,
infoflora:45900,Gefässpflanzen,Französisches Raygras,Arrhenatherum elatius (L.) J. Presl & C. Presl,www.infoflora.ch/flora/1004930,Laupen,BE,Muehleberg,478,2584476,1197625,5,A,,,2018,6,7,,"Info Flora, Daniel Slodowicz",Kurtogullari Yasemin,12444323,LC,K,,,,,,,,LC,,,,,Poaceae,,INN,,
infoflora:45900,Gefässpflanzen,Französisches Raygras,Arrhenatherum elatius (L.) J. Presl & C. Presl,www.infoflora.ch/flora/1004930,Laupen,BE,Muehleberg,478,2584476,1197625,5,A,,,2018,6,7,,"Info Flora, Daniel Slodowicz",Kurtogullari Yasemin,12444326,LC,K,,,,,,,,LC,,,,,Poaceae,,INN,,
infoflora:45900,Gefässpflanzen,Französisches Raygras,Arrhenatherum elatius (L.) J. Presl & C. Presl,www.infoflora.ch/flora/1004930,Laupen,BE,Muehleberg,478,2584476,1197625,5,A,,,2018,6,7,,"Info Flora, Daniel Slodowicz",Kurtogullari Yasemin,12444324,LC,K,,,,,,,,LC,,,,,Poaceae,,INN,,
infoflora:48200,Gefässpflanzen,Gemeiner Aronstab,Arum maculatum L.,www.infoflora.ch/flora/1005180,Mühleberg,BE,"Saane, Laupenau",480,2584850,1197010,50,A,,,1996,,,,Université de Neuchâtel,Roulier Christian,1606603,LC,K,,,,,,,,LC,,,,,Araceae,,INN,,
infoflora:48200,Gefässpflanzen,Gemeiner Aronstab,Arum maculatum L.,www.infoflora.ch/flora/1005180,Laupen,BE,,478-478,2584452,1197503,4,A,,,2020,5,5,,Universität Bern,Zehnder Birgit,8873726,LC,K,,,,,,,,LC,,,,,Araceae,,INN,,
infoflora:48200,Gefässpflanzen,Gemeiner Aronstab,Arum maculatum L.,www.infoflora.ch/flora/1005180,Gurmels,FR,,530-531,2584098,1198010,4,A,,,2020,3,19,,"Info Flora, Adrian Möhl",Möhl Adrian,8778571,LC,K,,,,,,,,LC,,,,,Araceae,,INN,,
infoflora:48200,Gefässpflanzen,Gemeiner Aronstab,Arum maculatum L.,www.infoflora.ch/flora/1005180,Gurmels,FR,,524-524,2583449,1197359,4,A,,,2021,2,28,,"Info Flora, Adrian Möhl",Möhl Adrian,10054956,LC,K,,,,,,,,LC,,,,,Araceae,,INN,,
infoflora:48200,Gefässpflanzen,Gemeiner Aronstab,Arum maculatum L.,www.infoflora.ch/flora/1005180,Gurmels,FR,,530-531,2584096,1197997,4,A,,,2021,2,28,,"Info Flora, Adrian Möhl",Möhl Adrian,10054977,LC,K,,,,,,,,LC,,,,,Araceae,,INN,,
infoflora:58600,Gefässpflanzen,Gemeine Winterkresse,Barbarea vulgaris R. Br.,www.infoflora.ch/flora/1006450,Mühleberg,BE,"Saane, Laupenau",480,2584820,1197270,50,A,,,1996,,,,Université de Neuchâtel,Roulier Christian,1600415,LC,K,,,,,,,,LC,,,,,Brassicaceae,,INN,,
infoflora:59100,Gefässpflanzen,Gänseblümchen,Bellis perennis L.,www.infoflora.ch/flora/1006490,Laupen,BE,Muehleberg,478,2584476,1197625,5,A,,,2018,6,7,,"Info Flora, Daniel Slodowicz",Kurtogullari Yasemin,12444451,LC,K,,,,,,,,LC,,,,,Asteraceae,,INN,,
infoflora:59100,Gefässpflanzen,Gänseblümchen,Bellis perennis L.,www.infoflora.ch/flora/1006490,Gurmels,FR,,530-532,2583999,1197950,4,A,,,2021,1,10,,"Info Flora, Adrian Möhl",Möhl Adrian,10026966,LC,K,,,,,,,,LC,,,,,Asteraceae,,INN,,
infoflora:59100,Gefässpflanzen,Gänseblümchen,Bellis perennis L.,www.infoflora.ch/flora/1006490,Gurmels,FR,,530,2583867,1197791,4,A,,,2021,2,28,,"Info Flora, Adrian Möhl",Möhl Adrian,10054966,LC,K,,,,,,,,LC,,,,,Asteraceae,,INN,,
infoflora:64000,Gefässpflanzen,Fieder-Zwenke,Brachypodium pinnatum aggr.,www.infoflora.ch/flora/1007070,Laupen,BE,Laupenau. Exposition: W; Hauptvegetation: Halbtrockenrasen mit Fettzeigern und Saumarten; Verbuschung: 0 - 3 %; Hauptnutzung: Mähwiese oder Mähweide.,478,2584692,1197087,5,A,,,2005,5,13,,BAFU / OFEV / UFAM (TWW - PPS),Styner Eva,480130,LC,K,,,,,,,,LC,,,,,Poaceae,,INN,,
infoflora:65200,Gefässpflanzen,Mittleres Zittergras,Briza media L.,www.infoflora.ch/flora/1007200,Laupen,BE,Laupenau. Exposition: W; Hauptvegetation: Halbtrockenrasen mit Fettzeigern und Saumarten; Verbuschung: 0 - 3 %; Hauptnutzung: Mähwiese oder Mähweide.,478,2584692,1197087,5,A,,,2005,5,13,,BAFU / OFEV / UFAM (TWW - PPS),Styner Eva,480119,LC,K,L,,,,,,,LC,,,,,Poaceae,,INN,,
infoflora:65700,Gefässpflanzen,Gewöhnliche Aufrechte Trespe,Bromus erectus Huds. subsp. erectus,www.infoflora.ch/flora/1007300,Laupen,BE,Laupenau. Exposition: W; Hauptvegetation: Halbtrockenrasen mit Fettzeigern und Saumarten; Verbuschung: 0 - 3 %; Hauptnutzung: Mähwiese oder Mähweide.,478,2584692,1197087,5,A,,,2005,5,13,,BAFU / OFEV / UFAM (TWW - PPS),Styner Eva,480116,LC,K,L,,,,,,,LC,,,,,Poaceae,,INN,,
infoflora:66000,Gefässpflanzen,Gersten-Trespe,Bromus hordeaceus L.,www.infoflora.ch/flora/1007330,Laupen,BE,Laupenau. Exposition: W; Hauptvegetation: Halbtrockenrasen mit Fettzeigern und Saumarten; Verbuschung: 0 - 3 %; Hauptnutzung: Mähwiese oder Mähweide.,478,2584692,1197087,5,A,,,2005,5,13,,BAFU / OFEV / UFAM (TWW - PPS),Styner Eva,480140,LC,K,,,,,,,,LC,,,,,Poaceae,,INN,,
infoflora:66000,Gefässpflanzen,Gersten-Trespe,Bromus hordeaceus L.,www.infoflora.ch/flora/1007330,Laupen,BE,Muehleberg,478,2584476,1197625,5,A,,,2018,6,7,,"Info Flora, Daniel Slodowicz",Kurtogullari Yasemin,12444682,LC,K,,,,,,,,LC,,,,,Poaceae,,INN,,
infoflora:66000,Gefässpflanzen,Gersten-Trespe,Bromus hordeaceus L.,www.infoflora.ch/flora/1007330,Laupen,BE,Muehleberg,478,2584476,1197625,5,A,,,2018,6,7,,"Info Flora, Daniel Slodowicz",Kurtogullari Yasemin,12444683,LC,K,,,,,,,,LC,,,,,Poaceae,,INN,,
infoflora:66000,Gefässpflanzen,Gersten-Trespe,Bromus hordeaceus L.,www.infoflora.ch/flora/1007330,Laupen,BE,Muehleberg,478,2584476,1197625,5,A,,,2018,6,7,,"Info Flora, Daniel Slodowicz",Kurtogullari Yasemin,12444681,LC,K,,,,,,,,LC,,,,,Poaceae,,INN,,
infoflora:67700,Gefässpflanzen,Schmetterlingsstrauch,Buddleja davidii Franch.,www.infoflora.ch/flora/1007600,Gurmels,FR,,524,2583591,1197436,4,A,,,2021,2,28,,"Info Flora, Adrian Möhl",Möhl Adrian,10054962,,,,,,,,,,,,,,,Scrophulariaceae,,NLS,1,S
infoflora:71400,Gefässpflanzen,Berg-Reitgras,Calamagrostis varia (Schrad.) Host,www.infoflora.ch/flora/1007940,Mühleberg,BE,,480-483,2584876,1197271,6,A,,,2020,11,22,,"Info Flora, Michael Jutzi",Jutzi Michael,9924128,LC,K,,,,,,,,LC,,,,,Poaceae,,INN,,
infoflora:76200,Gefässpflanzen,Wiesen-Glockenblume,Campanula patula L.,www.infoflora.ch/flora/1008510,Laupen,BE,Muehleberg,478,2584476,1197625,5,A,,,2018,6,7,,"Info Flora, Daniel Slodowicz",Kurtogullari Yasemin,12444763,LC,K,L*,,,,,,,LC,,,,,Campanulaceae,,INN,,
infoflora:76200,Gefässpflanzen,Wiesen-Glockenblume,Campanula patula L.,www.infoflora.ch/flora/1008510,Laupen,BE,Muehleberg,478,2584476,1197625,5,A,,,2018,6,7,,"Info Flora, Daniel Slodowicz",Kurtogullari Yasemin,12444764,LC,K,L*,,,,,,,LC,,,,,Campanulaceae,,INN,,
infoflora:76200,Gefässpflanzen,Wiesen-Glockenblume,Campanula patula L.,www.infoflora.ch/flora/1008510,Laupen,BE,Muehleberg,478,2584476,1197625,5,A,,,2018,6,7,,"Info Flora, Daniel Slodowicz",Kurtogullari Yasemin,12444765,LC,K,L*,,,,,,,LC,,,,,Campanulaceae,,INN,,
infoflora:76800,Gefässpflanzen,Acker-Glockenblume,Campanula rapunculoides L.,www.infoflora.ch/flora/1008610,Mühleberg,BE,Felsen an der Sense unterhalb Laupen,479-480,2584817,1197009,11,A,,,2020,11,22,,"Info Flora, Michael Jutzi",Jutzi Michael,9924125,LC,K,L,,,,,,,LC,,,,,Campanulaceae,,INN,,
infoflora:77900,Gefässpflanzen,Gemeines Hirtentäschel,Capsella bursa-pastoris (L.) Medik.,www.infoflora.ch/flora/1008720,Gurmels,FR,,524-524,2583554,1197423,4,A,,,2021,2,28,,"Info Flora, Adrian Möhl",Möhl Adrian,10054960,LC,K,,,,,,,,LC,,,,,Brassicaceae,,INN,,
infoflora:78350,Gefässpflanzen,,Cardamine amara L. subsp. amara,www.infoflora.ch/flora/1008800,Mühleberg,BE,"Saane, Laupenau",480,2584820,1197270,50,A,,,1996,,,,Université de Neuchâtel,Roulier Christian,1600408,LC,K,,,,,,,,NE,,,,,Brassicaceae,,INN,,
infoflora:78900,Gefässpflanzen,Vielstängeliges Schaumkraut,Cardamine hirsuta L.,www.infoflora.ch/flora/1008890,Gurmels,FR,,530,2583891,1197815,4,A,,,2021,2,28,,"Info Flora, Adrian Möhl",Möhl Adrian,10054967,LC,K,,,,,,,,LC,,,,,Brassicaceae,,INN,,
infoflora:78900,Gefässpflanzen,Vielstängeliges Schaumkraut,Cardamine hirsuta L.,www.infoflora.ch/flora/1008890,Gurmels,FR,,524-525,2583721,1197513,5,A,,,2021,2,28,,"Info Flora, Adrian Möhl",Möhl Adrian,10054964,LC,K,,,,,,,,LC,,,,,Brassicaceae,,INN,,
infoflora:79900,Gefässpflanzen,Wiesen-Schaumkraut,Cardamine pratensis aggr.,www.infoflora.ch/flora/1008970,Laupen,BE,Muehleberg,478,2584476,1197625,5,A,,,2018,6,7,,"Info Flora, Daniel Slodowicz",Kurtogullari Yasemin,12444796,LC,K,,,,,,,,LC,,,,,Brassicaceae,,INN,,
infoflora:84900,Gefässpflanzen,Frühlings-Segge,Carex caryophyllea Latourr.,www.infoflora.ch/flora/1009510,Laupen,BE,Laupenau. Exposition: W; Hauptvegetation: Halbtrockenrasen mit Fettzeigern und Saumarten; Verbuschung: 0 - 3 %; Hauptnutzung: Mähwiese oder Mähweide.,478,2584692,1197087,5,A,,,2005,5,13,,BAFU / OFEV / UFAM (TWW - PPS),Styner Eva,480129,LC,K,L,,,,,,,LC,,,,,Cyperaceae,,INN,,
infoflora:87500,Gefässpflanzen,Schlaffe Segge,Carex flacca Schreb.,www.infoflora.ch/flora/1009760,Laupen,BE,Laupenau. Exposition: W; Hauptvegetation: Halbtrockenrasen mit Fettzeigern und Saumarten; Verbuschung: 0 - 3 %; Hauptnutzung: Mähwiese oder Mähweide.,478,2584692,1197087,5,A,,,2005,5,13,,BAFU / OFEV / UFAM (TWW - PPS),Styner Eva,480090,LC,K,L,,,,,,,LC,,,,,Cyperaceae,,INN,,
infoflora:87500,Gefässpflanzen,Schlaffe Segge,Carex flacca Schreb.,www.infoflora.ch/flora/1009760,Mühleberg,BE,,480-483,2584876,1197271,11,A,,,2020,11,22,,"Info Flora, Michael Jutzi",Jutzi Michael,9924129,LC,K,L,,,,,,,LC,,,,,Cyperaceae,,INN,,
infoflora:92300,Gefässpflanzen,Hänge-Segge,Carex pendula Huds.,www.infoflora.ch/flora/1010190,Mühleberg,BE,,479-480,2584847,1197218,12,A,,,2020,11,22,,"Info Flora, Michael Jutzi",Jutzi Michael,9924132,LC,K,,,,,,,,LC,,,,,Cyperaceae,,INN,,
infoflora:92500,Gefässpflanzen,Pillen-Segge,Carex pilulifera L.,www.infoflora.ch/flora/1010210,Gurmels,FR,,,2583500,1197500,707,B,,,2020,8,1,,"Info Flora, Andreas Gygax",Gygax Andreas,9264032,LC,K,L,,,,,,,LC,,,,,Cyperaceae,,INN,,
infoflora:98800,Gefässpflanzen,Gewöhnliche Wiesen-Flockenblume,Centaurea jacea L. subsp. jacea,www.infoflora.ch/flora/1010830,Laupen,BE,Laupenau. Exposition: W; Hauptvegetation: Halbtrockenrasen mit Fettzeigern und Saumarten; Verbuschung: 0 - 3 %; Hauptnutzung: Mähwiese oder Mähweide.,478,2584692,1197087,5,A,,,2005,5,13,,BAFU / OFEV / UFAM (TWW - PPS),Styner Eva,480094,LC,K,L,,,,,,,LC,,,,,Asteraceae,,INN,,
infoflora:103595,Gefässpflanzen,Gemeines Hornkraut,Cerastium fontanum Baumg.,www.infoflora.ch/flora/1011390,Laupen,BE,Laupenau. Exposition: W; Hauptvegetation: Halbtrockenrasen mit Fettzeigern und Saumarten; Verbuschung: 0 - 3 %; Hauptnutzung: Mähwiese oder Mähweide.,478,2584692,1197087,5,A,,,2005,5,13,,BAFU / OFEV / UFAM (TWW - PPS),Styner Eva,480125,LC,K,,,,,,,,LC,,,,,Caryophyllaceae,,INN,,
infoflora:103595,Gefässpflanzen,Gemeines Hornkraut,Cerastium fontanum Baumg.,www.infoflora.ch/flora/1011390,Laupen,BE,Muehleberg,478,2584476,1197625,5,A,,,2018,6,7,,"Info Flora, Daniel Slodowicz",Kurtogullari Yasemin,12445108,LC,K,,,,,,,,LC,,,,,Caryophyllaceae,,INN,,
infoflora:103595,Gefässpflanzen,Gemeines Hornkraut,Cerastium fontanum Baumg.,www.infoflora.ch/flora/1011390,Laupen,BE,Muehleberg,478,2584476,1197625,5,A,,,2018,6,7,,"Info Flora, Daniel Slodowicz",Kurtogullari Yasemin,12445109,LC,K,,,,,,,,LC,,,,,Caryophyllaceae,,INN,,
infoflora:103595,Gefässpflanzen,Gemeines Hornkraut,Cerastium fontanum Baumg.,www.infoflora.ch/flora/1011390,Laupen,BE,Muehleberg,478,2584476,1197625,5,A,,,2018,6,7,,"Info Flora, Daniel Slodowicz",Kurtogullari Yasemin,12445110,LC,K,,,,,,,,LC,,,,,Caryophyllaceae,,INN,,
infoflora:103595,Gefässpflanzen,Gemeines Hornkraut,Cerastium fontanum Baumg.,www.infoflora.ch/flora/1011390,Laupen,BE,Muehleberg,478,2584476,1197625,5,A,,,2018,6,7,,"Info Flora, Daniel Slodowicz",Kurtogullari Yasemin,12445111,LC,K,,,,,,,,LC,,,,,Caryophyllaceae,,INN,,
infoflora:103595,Gefässpflanzen,Gemeines Hornkraut,Cerastium fontanum Baumg.,www.infoflora.ch/flora/1011390,Laupen,BE,Muehleberg,478,2584476,1197625,5,A,,,2018,6,7,,"Info Flora, Daniel Slodowicz",Kurtogullari Yasemin,12445107,LC,K,,,,,,,,LC,,,,,Caryophyllaceae,,INN,,
infoflora:112500,Gefässpflanzen,Wechselblättriges Milzkraut,Chrysosplenium alternifolium L.,www.infoflora.ch/flora/1012160,Mühleberg,BE,,479-480,2584853,1197206,11,A,,,2020,11,22,,"Info Flora, Michael Jutzi",Jutzi Michael,9924133,LC,K,,,,,,,,LC,,,,,Saxifragaceae,,INN,,
infoflora:113500,Gefässpflanzen,Grosses Hexenkraut,Circaea lutetiana L.,www.infoflora.ch/flora/1012280,Mühleberg,BE,"Saane, Laupenau",480,2584850,1197010,50,A,,,1996,,,,Université de Neuchâtel,Roulier Christian,1606604,LC,K,,,,,,,,LC,,,,,Onagraceae,,INN,,
infoflora:114800,Gefässpflanzen,Kohldistel,Cirsium oleraceum (L.) Scop.,www.infoflora.ch/flora/1012400,Gurmels,FR,,,2583500,1197500,707,B,,,2020,8,1,,"Info Flora, Andreas Gygax",Gygax Andreas,9264015,LC,K,L,,,,,,,LC,,,,,Asteraceae,,INN,,
infoflora:116400,Gefässpflanzen,Gemeine Waldrebe,Clematis vitalba L.,www.infoflora.ch/flora/1012620,Gurmels,FR,,535,2584056,1197782,4,A,,,2021,2,28,,"Info Flora, Adrian Möhl",Möhl Adrian,10054971,LC,K,,,,,,,,LC,,,,,Ranunculaceae,,INN,,
infoflora:116600,Gefässpflanzen,Wirbeldost,Clinopodium vulgare L.,www.infoflora.ch/flora/1012660,Laupen,BE,Laupenau. Exposition: W; Hauptvegetation: Halbtrockenrasen mit Fettzeigern und Saumarten; Verbuschung: 0 - 3 %; Hauptnutzung: Mähwiese oder Mähweide.,478,2584692,1197087,5,A,,,2005,5,13,,BAFU / OFEV / UFAM (TWW - PPS),Styner Eva,480091,LC,K,L,,,,,,,LC,,,,,Lamiaceae,,INN,,
infoflora:118900,Gefässpflanzen,Acker-Winde,Convolvulus arvensis L.,www.infoflora.ch/flora/1013030,Laupen,BE,Laupenau. Exposition: W; Hauptvegetation: Halbtrockenrasen mit Fettzeigern und Saumarten; Verbuschung: 0 - 3 %; Hauptnutzung: Mähwiese oder Mähweide.,478,2584692,1197087,5,A,,,2005,5,13,,BAFU / OFEV / UFAM (TWW - PPS),Styner Eva,480115,LC,K,,,,,,,,LC,,,,,Convolvulaceae,,INN,,
infoflora:119300,Gefässpflanzen,Kanadisches Berufkraut,Conyza canadensis (L.) Cronquist,www.infoflora.ch/flora/1013070,Gurmels,FR,,532-532,2584023,1197979,4,A,,,2021,1,10,,"Info Flora, Adrian Möhl",Möhl Adrian,10026963,,,,,,,,,,,,,,,Asteraceae,,NEO,1,
infoflora:119700,Gefässpflanzen,Hartriegel,Cornus sanguinea L.,www.infoflora.ch/flora/1013160,Gurmels,FR,,530,2584088,1198034,4,A,,,2021,1,10,,"Info Flora, Adrian Möhl",Möhl Adrian,10026961,LC,K,,,,,,,,LC,,,,,Cornaceae,,INN,,
infoflora:121600,Gefässpflanzen,Haselstrauch,Corylus avellana L.,www.infoflora.ch/flora/1013320,Mühleberg,BE,"Saane, Laupenau",480,2584850,1197010,50,A,,,1996,,,,Université de Neuchâtel,Roulier Christian,1570826,LC,K,,,,,,,,LC,,,,,Betulaceae,,INN,,
infoflora:122500,Gefässpflanzen,Eingriffeliger Weissdorn,Crataegus monogyna aggr.,www.infoflora.ch/flora/1013580,Mühleberg,BE,"Saane, Laupenau",480,2584850,1197010,50,A,,,1996,,,,Université de Neuchâtel,Roulier Christian,1570825,LC,K,,,,,,,,LC,,,,,Rosaceae,,INN,,
infoflora:123100,Gefässpflanzen,Wiesen-Pippau,Crepis biennis L.,www.infoflora.ch/flora/1013640,Laupen,BE,Laupenau. Exposition: W; Hauptvegetation: Halbtrockenrasen mit Fettzeigern und Saumarten; Verbuschung: 0 - 3 %; Hauptnutzung: Mähwiese oder Mähweide.,478,2584692,1197087,5,A,,,2005,5,13,,BAFU / OFEV / UFAM (TWW - PPS),Styner Eva,480137,LC,K,,,,,,,,LC,,,,,Asteraceae,,INN,,
infoflora:123100,Gefässpflanzen,Wiesen-Pippau,Crepis biennis L.,www.infoflora.ch/flora/1013640,Laupen,BE,Muehleberg,478,2584476,1197625,5,A,,,2018,6,7,,"Info Flora, Daniel Slodowicz",Kurtogullari Yasemin,12445325,LC,K,,,,,,,,LC,,,,,Asteraceae,,INN,,
infoflora:123100,Gefässpflanzen,Wiesen-Pippau,Crepis biennis L.,www.infoflora.ch/flora/1013640,Laupen,BE,Muehleberg,478,2584476,1197625,5,A,,,2018,6,7,,"Info Flora, Daniel Slodowicz",Kurtogullari Yasemin,12445329,LC,K,,,,,,,,LC,,,,,Asteraceae,,INN,,
infoflora:123100,Gefässpflanzen,Wiesen-Pippau,Crepis biennis L.,www.infoflora.ch/flora/1013640,Laupen,BE,Muehleberg,478,2584476,1197625,5,A,,,2018,6,7,,"Info Flora, Daniel Slodowicz",Kurtogullari Yasemin,12445328,LC,K,,,,,,,,LC,,,,,Asteraceae,,INN,,
infoflora:123100,Gefässpflanzen,Wiesen-Pippau,Crepis biennis L.,www.infoflora.ch/flora/1013640,Laupen,BE,Muehleberg,478,2584476,1197625,5,A,,,2018,6,7,,"Info Flora, Daniel Slodowicz",Kurtogullari Yasemin,12445326,LC,K,,,,,,,,LC,,,,,Asteraceae,,INN,,
infoflora:123100,Gefässpflanzen,Wiesen-Pippau,Crepis biennis L.,www.infoflora.ch/flora/1013640,Laupen,BE,Muehleberg,478,2584476,1197625,5,A,,,2018,6,7,,"Info Flora, Daniel Slodowicz",Kurtogullari Yasemin,12445327,LC,K,,,,,,,,LC,,,,,Asteraceae,,INN,,
infoflora:131800,Gefässpflanzen,Wiesen-Knäuelgras,Dactylis glomerata L.,www.infoflora.ch/flora/1014610,Laupen,BE,Muehleberg,478,2584476,1197625,5,A,,,2018,6,7,,"Info Flora, Daniel Slodowicz",Kurtogullari Yasemin,12445641,LC,K,,,,,,,,LC,,,,,Poaceae,,INN,,
infoflora:131800,Gefässpflanzen,Wiesen-Knäuelgras,Dactylis glomerata L.,www.infoflora.ch/flora/1014610,Laupen,BE,Muehleberg,478,2584476,1197625,5,A,,,2018,6,7,,"Info Flora, Daniel Slodowicz",Kurtogullari Yasemin,12445640,LC,K,,,,,,,,LC,,,,,Poaceae,,INN,,
infoflora:133900,Gefässpflanzen,Wilde Möhre,Daucus carota L.,www.infoflora.ch/flora/1014950,Laupen,BE,Laupenau. Exposition: W; Hauptvegetation: Halbtrockenrasen mit Fettzeigern und Saumarten; Verbuschung: 0 - 3 %; Hauptnutzung: Mähwiese oder Mähweide.,478,2584692,1197087,5,A,,,2005,5,13,,BAFU / OFEV / UFAM (TWW - PPS),Styner Eva,480110,LC,K,L,,,,,,,LC,,,,,Apiaceae,,INN,,
infoflora:133900,Gefässpflanzen,Wilde Möhre,Daucus carota L.,www.infoflora.ch/flora/1014950,Gurmels,FR,,535-536,2584006,1197778,4,A,,,2021,2,28,,"Info Flora, Adrian Möhl",Möhl Adrian,10054969,LC,K,L,,,,,,,LC,,,,,Apiaceae,,INN,,
infoflora:135300,Gefässpflanzen,Raue Nelke,Dianthus armeria L.,www.infoflora.ch/flora/1015100,Laupen,BE,,,2584500,1197500,707,B,,,2018,8,17,,"Info Flora, Michael Ryf",Ryf Michael,6843592,LC,K,L,,,,,,,LC,,,,,Caryophyllaceae,,INN,,
infoflora:143100,Gefässpflanzen,Dorniger Wurmfarn,Dryopteris carthusiana (Vill.) H. P. Fuchs,www.infoflora.ch/flora/1015910,Gurmels,FR,,,2583500,1197500,707,B,,,2020,8,1,,"Info Flora, Andreas Gygax",Gygax Andreas,9264030,LC,K,,,,,,,,LC,,,,,Dryopteridaceae,,INN,,
infoflora:150800,Gefässpflanzen,Winter-Schachtelhalm,Equisetum hyemale L.,www.infoflora.ch/flora/1016940,Mühleberg,BE,"Saane, Laupenau",480,2584850,1197010,50,A,,,1996,,,,Université de Neuchâtel,Roulier Christian,1606601,LC,K,,,,,,,,LC,,,,,Equisetaceae,,INN,,
infoflora:150800,Gefässpflanzen,Winter-Schachtelhalm,Equisetum hyemale L.,www.infoflora.ch/flora/1016940,Mühleberg,BE,"Saane, Laupenau",480,2584850,1197010,50,A,,,1996,,,,Université de Neuchâtel,Roulier Christian,1600343,LC,K,,,,,,,,LC,,,,,Equisetaceae,,INN,,
infoflora:150800,Gefässpflanzen,Winter-Schachtelhalm,Equisetum hyemale L.,www.infoflora.ch/flora/1016940,Mühleberg,BE,,479-480,2584853,1197212,12,A,,,2020,11,22,,"Info Flora, Michael Jutzi",Jutzi Michael,9924134,LC,K,,,,,,,,LC,,,,,Equisetaceae,,INN,,
infoflora:153800,Gefässpflanzen,Einjähriges Berufkraut,Erigeron annuus (L.) Desf.,www.infoflora.ch/flora/1017510,Laupen,BE,Muehleberg,478,2584476,1197625,5,A,,,2018,6,7,,"Info Flora, Daniel Slodowicz",Kurtogullari Yasemin,12445787,,,,,,,,,,,,,,,Asteraceae,,NLS,1,
infoflora:159300,Gefässpflanzen,Wasserdost,Eupatorium cannabinum L.,www.infoflora.ch/flora/1018110,Mühleberg,BE,,480-483,2584877,1197272,11,A,,,2020,11,22,,"Info Flora, Michael Jutzi",Jutzi Michael,9924130,LC,K,L,,,,,,,LC,,,,,Asteraceae,,INN,,
infoflora:159800,Gefässpflanzen,Zypressenblättrige Wolfsmilch,Euphorbia cyparissias L.,www.infoflora.ch/flora/1018170,Laupen,BE,Laupenau. Exposition: W; Hauptvegetation: Halbtrockenrasen mit Fettzeigern und Saumarten; Verbuschung: 0 - 3 %; Hauptnutzung: Mähwiese oder Mähweide.,478,2584692,1197087,5,A,,,2005,5,13,,BAFU / OFEV / UFAM (TWW - PPS),Styner Eva,480120,LC,K,L,,,,,,,LC,,,,,Euphorbiaceae,,INN,,
infoflora:160200,Gefässpflanzen,Sonnenwend-Wolfsmilch,Euphorbia helioscopia L.,www.infoflora.ch/flora/1018260,Gurmels,FR,,529-530,2583971,1197982,4,A,,,2021,1,10,,"Info Flora, Adrian Möhl",Möhl Adrian,10026969,LC,K,,,,,,,,LC,,,,,Euphorbiaceae,,INN,,
infoflora:160400,Gefässpflanzen,Kreuzblättrige Wolfsmilch,Euphorbia lathyris L.,www.infoflora.ch/flora/1018280,Gurmels,FR,,523-524,2583612,1197450,4,A,,,2021,2,28,,"Info Flora, Adrian Möhl",Möhl Adrian,10054963,,,,,,,,,,,,,,,Euphorbiaceae,,NEO,1,S
infoflora:165000,Gefässpflanzen,Rot-Buche,Fagus sylvatica L.,www.infoflora.ch/flora/1018840,Mühleberg,BE,"Saane, Laupenau",480,2584850,1197010,50,A,,,1996,,,,Université de Neuchâtel,Roulier Christian,1606606,LC,K,,,,,,,,LC,,,,,Fagaceae,,INN,,
infoflora:165000,Gefässpflanzen,Rot-Buche,Fagus sylvatica L.,www.infoflora.ch/flora/1018840,Gurmels,FR,,531-531,2584101,1197919,4,A,,,2021,2,28,,"Info Flora, Adrian Möhl",Möhl Adrian,10054975,LC,K,,,,,,,,LC,,,,,Fagaceae,,INN,,
infoflora:167400,Gefässpflanzen,Riesen-Schwingel,Festuca gigantea (L.) Vill.,www.infoflora.ch/flora/1019130,Mühleberg,BE,"Saane, Laupenau",480,2584820,1197270,50,A,,,1996,,,,Université de Neuchâtel,Roulier Christian,1600411,LC,K,,,,,,,,LC,,,,,Poaceae,,INN,,
infoflora:169100,Gefässpflanzen,Wiesen-Schwingel,Festuca pratensis Huds.,www.infoflora.ch/flora/1019380,Laupen,BE,Muehleberg,478,2584476,1197625,5,A,,,2018,6,7,,"Info Flora, Daniel Slodowicz",Kurtogullari Yasemin,12445887,LC,K,,,,,,,,LC,,,,,Poaceae,,INN,,
infoflora:169100,Gefässpflanzen,Wiesen-Schwingel,Festuca pratensis Huds.,www.infoflora.ch/flora/1019380,Laupen,BE,Muehleberg,478,2584476,1197625,5,A,,,2018,6,7,,"Info Flora, Daniel Slodowicz",Kurtogullari Yasemin,12445888,LC,K,,,,,,,,LC,,,,,Poaceae,,INN,,
infoflora:170200,Gefässpflanzen,Rot-Schwingel,Festuca rubra aggr.,www.infoflora.ch/flora/1019470,Laupen,BE,Laupenau. Exposition: W; Hauptvegetation: Halbtrockenrasen mit Fettzeigern und Saumarten; Verbuschung: 0 - 3 %; Hauptnutzung: Mähwiese oder Mähweide.,478,2584692,1197087,5,A,,,2005,5,13,,BAFU / OFEV / UFAM (TWW - PPS),Styner Eva,480135,LC,K,,,,,,,,LC,,,,,Poaceae,,INN,,
infoflora:170200,Gefässpflanzen,Rot-Schwingel,Festuca rubra aggr.,www.infoflora.ch/flora/1019470,Laupen,BE,Muehleberg,478,2584476,1197625,5,A,,,2018,6,7,,"Info Flora, Daniel Slodowicz",Kurtogullari Yasemin,12446001,LC,K,,,,,,,,LC,,,,,Poaceae,,INN,,
infoflora:174200,Gefässpflanzen,Gemeine Esche,Fraxinus excelsior L.,www.infoflora.ch/flora/1019970,Mühleberg,BE,"Saane, Laupenau",480,2584850,1197010,50,A,,,1996,,,,Université de Neuchâtel,Roulier Christian,1570824,LC,K,,,,,,,,LC,,,,,Oleaceae,,INN,,
infoflora:174200,Gefässpflanzen,Gemeine Esche,Fraxinus excelsior L.,www.infoflora.ch/flora/1019970,Mühleberg,BE,"Saane, Laupenau",480,2584850,1197010,50,A,,,1996,,,,Université de Neuchâtel,Roulier Christian,1564216,LC,K,,,,,,,,LC,,,,,Oleaceae,,INN,,
infoflora:174200,Gefässpflanzen,Gemeine Esche,Fraxinus excelsior L.,www.infoflora.ch/flora/1019970,Gurmels,FR,,536,2584066,1197818,4,A,,,2021,2,28,,"Info Flora, Adrian Möhl",Möhl Adrian,10054972,LC,K,,,,,,,,LC,,,,,Oleaceae,,INN,,
infoflora:177100,Gefässpflanzen,Stechender Hohlzahn,Galeopsis tetrahit L.,www.infoflora.ch/flora/1020350,Mühleberg,BE,"Saane, Laupenau",480,2584850,1197010,50,A,,,1996,,,,Université de Neuchâtel,Roulier Christian,1600346,LC,K,,,,,,,,LC,,,,,Lamiaceae,,INN,,
infoflora:177400,Gefässpflanzen,Weisses Wiesen-Labkraut,Galium album Mill.,www.infoflora.ch/flora/1020380,Laupen,BE,Laupenau. Exposition: W; Hauptvegetation: Halbtrockenrasen mit Fettzeigern und Saumarten; Verbuschung: 0 - 3 %; Hauptnutzung: Mähwiese oder Mähweide.,478,2584692,1197087,5,A,,,2005,5,13,,BAFU / OFEV / UFAM (TWW - PPS),Styner Eva,480128,LC,K,,,,,,,,LC,,,,,Rubiaceae,,INN,,
infoflora:177600,Gefässpflanzen,Kletten-Labkraut,Galium aparine L.,www.infoflora.ch/flora/1020400,Mühleberg,BE,"Saane, Laupenau",480,2584850,1197010,50,A,,,1996,,,,Université de Neuchâtel,Roulier Christian,1606597,LC,K,,,,,,,,LC,,,,,Rubiaceae,,INN,,
infoflora:177600,Gefässpflanzen,Kletten-Labkraut,Galium aparine L.,www.infoflora.ch/flora/1020400,Gurmels,FR,,524-524,2583346,1197299,10,A,,,2021,2,28,,"Info Flora, Adrian Möhl",Möhl Adrian,10054955,LC,K,,,,,,,,LC,,,,,Rubiaceae,,INN,,
infoflora:179000,Gefässpflanzen,Wiesen-Labkraut,Galium mollugo aggr.,www.infoflora.ch/flora/1020510,Laupen,BE,Muehleberg,478,2584476,1197625,5,A,,,2018,6,7,,"Info Flora, Daniel Slodowicz",Kurtogullari Yasemin,12446172,LC,K,,,,,,,,LC,,,,,Rubiaceae,,INN,,
infoflora:179000,Gefässpflanzen,Wiesen-Labkraut,Galium mollugo aggr.,www.infoflora.ch/flora/1020510,Laupen,BE,Muehleberg,478,2584476,1197625,5,A,,,2018,6,7,,"Info Flora, Daniel Slodowicz",Kurtogullari Yasemin,12446173,LC,K,,,,,,,,LC,,,,,Rubiaceae,,INN,,
infoflora:179000,Gefässpflanzen,Wiesen-Labkraut,Galium mollugo aggr.,www.infoflora.ch/flora/1020510,Laupen,BE,Muehleberg,478,2584476,1197625,5,A,,,2018,6,7,,"Info Flora, Daniel Slodowicz",Kurtogullari Yasemin,12446174,LC,K,,,,,,,,LC,,,,,Rubiaceae,,INN,,
infoflora:179000,Gefässpflanzen,Wiesen-Labkraut,Galium mollugo aggr.,www.infoflora.ch/flora/1020510,Laupen,BE,Muehleberg,478,2584476,1197625,5,A,,,2018,6,7,,"Info Flora, Daniel Slodowicz",Kurtogullari Yasemin,12446175,LC,K,,,,,,,,LC,,,,,Rubiaceae,,INN,,
infoflora:179000,Gefässpflanzen,Wiesen-Labkraut,Galium mollugo aggr.,www.infoflora.ch/flora/1020510,Laupen,BE,Muehleberg,478,2584476,1197625,5,A,,,2018,6,7,,"Info Flora, Daniel Slodowicz",Kurtogullari Yasemin,12446176,LC,K,,,,,,,,LC,,,,,Rubiaceae,,INN,,
infoflora:190500,Gefässpflanzen,Gundelrebe,Glechoma hederacea L.,www.infoflora.ch/flora/1021690,Laupen,BE,Laupenau. Exposition: W; Hauptvegetation: Halbtrockenrasen mit Fettzeigern und Saumarten; Verbuschung: 0 - 3 %; Hauptnutzung: Mähwiese oder Mähweide.,478,2584692,1197087,5,A,,,2005,5,13,,BAFU / OFEV / UFAM (TWW - PPS),Styner Eva,480122,LC,K,,,,,,,,LC,,,,,Lamiaceae,,INN,,
infoflora:190500,Gefässpflanzen,Gundelrebe,Glechoma hederacea L.,www.infoflora.ch/flora/1021690,Gurmels,FR,,532-532,2584016,1197973,4,A,,,2021,1,10,,"Info Flora, Adrian Möhl",Möhl Adrian,10026964,LC,K,,,,,,,,LC,,,,,Lamiaceae,,INN,,
infoflora:190500,Gefässpflanzen,Gundelrebe,Glechoma hederacea L.,www.infoflora.ch/flora/1021690,Gurmels,FR,,530-531,2583856,1197777,4,A,,,2021,2,28,,"Info Flora, Adrian Möhl",Möhl Adrian,10054965,LC,K,,,,,,,,LC,,,,,Lamiaceae,,INN,,
infoflora:196800,Gefässpflanzen,Flaum-Wiesenhafer,Helictotrichon pubescens (Huds.) Pilg.,www.infoflora.ch/flora/1022390,Laupen,BE,Laupenau. Exposition: W; Hauptvegetation: Halbtrockenrasen mit Fettzeigern und Saumarten; Verbuschung: 0 - 3 %; Hauptnutzung: Mähwiese oder Mähweide.,478,2584692,1197087,5,A,,,2005,5,13,,BAFU / OFEV / UFAM (TWW - PPS),Styner Eva,480121,LC,K,L,,,,,,,LC,,,,,Poaceae,,INN,,
infoflora:198600,Gefässpflanzen,Gewöhnlicher Wiesen-Bärenklau,Heracleum sphondylium L. subsp. sphondylium,www.infoflora.ch/flora/1022600,Laupen,BE,Laupenau. Exposition: W; Hauptvegetation: Halbtrockenrasen mit Fettzeigern und Saumarten; Verbuschung: 0 - 3 %; Hauptnutzung: Mähwiese oder Mähweide.,478,2584692,1197087,5,A,,,2005,5,13,,BAFU / OFEV / UFAM (TWW - PPS),Styner Eva,480112,LC,K,,,,,,,,LC,,,,,Apiaceae,,INN,,
infoflora:206400,Gefässpflanzen,Strauchwicke,Hippocrepis emerus (L.) Lassen,www.infoflora.ch/flora/1023590,Mühleberg,BE,Felsen an der Sense unterhalb Laupen,479-480,2584817,1197009,11,A,,,2020,11,22,,"Info Flora, Michael Jutzi",Jutzi Michael,9924126,LC,K,L,,,,,,,LC,,,,,Fabaceae,,INN,,
infoflora:206800,Gefässpflanzen,Wolliges Honiggras,Holcus lanatus L.,www.infoflora.ch/flora/1023630,Laupen,BE,Laupenau. Exposition: W; Hauptvegetation: Halbtrockenrasen mit Fettzeigern und Saumarten; Verbuschung: 0 - 3 %; Hauptnutzung: Mähwiese oder Mähweide.,478,2584692,1197087,5,A,,,2005,5,13,,BAFU / OFEV / UFAM (TWW - PPS),Styner Eva,480131,LC,K,,,,,,,,LC,,,,,Poaceae,,INN,,
infoflora:206800,Gefässpflanzen,Wolliges Honiggras,Holcus lanatus L.,www.infoflora.ch/flora/1023630,Laupen,BE,Muehleberg,478,2584476,1197625,5,A,,,2018,6,7,,"Info Flora, Daniel Slodowicz",Kurtogullari Yasemin,12446655,LC,K,,,,,,,,LC,,,,,Poaceae,,INN,,
infoflora:206800,Gefässpflanzen,Wolliges Honiggras,Holcus lanatus L.,www.infoflora.ch/flora/1023630,Laupen,BE,Muehleberg,478,2584476,1197625,5,A,,,2018,6,7,,"Info Flora, Daniel Slodowicz",Kurtogullari Yasemin,12446654,LC,K,,,,,,,,LC,,,,,Poaceae,,INN,,
infoflora:206800,Gefässpflanzen,Wolliges Honiggras,Holcus lanatus L.,www.infoflora.ch/flora/1023630,Laupen,BE,Muehleberg,478,2584476,1197625,5,A,,,2018,6,7,,"Info Flora, Daniel Slodowicz",Kurtogullari Yasemin,12446653,LC,K,,,,,,,,LC,,,,,Poaceae,,INN,,
infoflora:206800,Gefässpflanzen,Wolliges Honiggras,Holcus lanatus L.,www.infoflora.ch/flora/1023630,Laupen,BE,Muehleberg,478,2584476,1197625,5,A,,,2018,6,7,,"Info Flora, Daniel Slodowicz",Kurtogullari Yasemin,12446652,LC,K,,,,,,,,LC,,,,,Poaceae,,INN,,
infoflora:206800,Gefässpflanzen,Wolliges Honiggras,Holcus lanatus L.,www.infoflora.ch/flora/1023630,Laupen,BE,Muehleberg,478,2584476,1197625,5,A,,,2018,6,7,,"Info Flora, Daniel Slodowicz",Kurtogullari Yasemin,12446656,LC,K,,,,,,,,LC,,,,,Poaceae,,INN,,
infoflora:212100,Gefässpflanzen,Wiesen-Ferkelkraut,Hypochaeris radicata L.,www.infoflora.ch/flora/1024230,Gurmels,FR,,532,2584042,1197996,4,A,,,2021,1,10,,"Info Flora, Adrian Möhl",Möhl Adrian,10026962,LC,K,L,,,,,,,LC,,,,,Asteraceae,,INN,,
infoflora:213600,Gefässpflanzen,Drüsiges Springkraut,Impatiens glandulifera Royle,www.infoflora.ch/flora/1024410,Mühleberg,BE,"Saane, Laupenau",480,2584850,1197010,50,A,,,1996,,,,Université de Neuchâtel,Roulier Christian,1606598,,,,,,,,,,,,,,,Balsaminaceae,,NLV,1,
infoflora:213600,Gefässpflanzen,Drüsiges Springkraut,Impatiens glandulifera Royle,www.infoflora.ch/flora/1024410,Mühleberg,BE,"Saane, Laupenau",480,2584850,1197010,50,A,,,1996,,,,Université de Neuchâtel,Roulier Christian,1600341,,,,,,,,,,,,,,,Balsaminaceae,,NLV,1,
infoflora:213700,Gefässpflanzen,Wald-Springkraut,Impatiens noli-tangere L.,www.infoflora.ch/flora/1024420,Mühleberg,BE,"Saane, Laupenau",480,2584850,1197010,50,A,,,1996,,,,Université de Neuchâtel,Roulier Christian,1600344,LC,K,,,,,,,,LC,,,,,Balsaminaceae,,INN,,
infoflora:213700,Gefässpflanzen,Wald-Springkraut,Impatiens noli-tangere L.,www.infoflora.ch/flora/1024420,Mühleberg,BE,"Saane, Laupenau",480,2584850,1197010,50,A,,,1996,,,,Université de Neuchâtel,Roulier Christian,1606608,LC,K,,,,,,,,LC,,,,,Balsaminaceae,,INN,,
infoflora:213800,Gefässpflanzen,Kleines Springkraut,Impatiens parviflora DC.,www.infoflora.ch/flora/1024430,Gurmels,FR,,,2583500,1197500,707,B,,,2020,8,1,,"Info Flora, Andreas Gygax",Gygax Andreas,9264031,,,,,,,,,,,,,,,Balsaminaceae,,NEO,1,
infoflora:218200,Gefässpflanzen,Kröten-Binse,Juncus bufonius L.,www.infoflora.ch/flora/1024940,Gurmels,FR,,,2583500,1197500,707,B,1–10 (Individuen),,2019,6,15,,"Info Flora, Andreas Gygax",Gygax Andreas,7814966,LC,K,L,,,,,,,LC,,,,,Juncaceae,,INN,,
infoflora:218800,Gefässpflanzen,Flatter-Binse,Juncus effusus L.,www.infoflora.ch/flora/1025000,Gurmels,FR,,,2583500,1197500,707,B,,,2020,8,1,,"Info Flora, Andreas Gygax",Gygax Andreas,9264011,LC,K,,,,,,,,LC,,,,,Juncaceae,,INN,,
infoflora:221400,Gefässpflanzen,Feld-Witwenblume,Knautia arvensis (L.) Coult.,www.infoflora.ch/flora/1025230,Laupen,BE,Muehleberg,478,2584476,1197625,5,A,,,2018,6,7,,"Info Flora, Daniel Slodowicz",Kurtogullari Yasemin,12446958,LC,K,L,,,,,,,LC,,,,,Caprifoliaceae,,INN,,
infoflora:221400,Gefässpflanzen,Feld-Witwenblume,Knautia arvensis (L.) Coult.,www.infoflora.ch/flora/1025230,Laupen,BE,Muehleberg,478,2584476,1197625,5,A,,,2018,6,7,,"Info Flora, Daniel Slodowicz",Kurtogullari Yasemin,12446960,LC,K,L,,,,,,,LC,,,,,Caprifoliaceae,,INN,,
infoflora:221400,Gefässpflanzen,Feld-Witwenblume,Knautia arvensis (L.) Coult.,www.infoflora.ch/flora/1025230,Laupen,BE,Muehleberg,478,2584476,1197625,5,A,,,2018,6,7,,"Info Flora, Daniel Slodowicz",Kurtogullari Yasemin,12446959,LC,K,L,,,,,,,LC,,,,,Caprifoliaceae,,INN,,
infoflora:221500,Gefässpflanzen,Gewöhnliche Wald-Witwenblume,Knautia dipsacifolia Kreutzer subsp. dipsacifolia,www.infoflora.ch/flora/1025250,Laupen,BE,Laupenau. Exposition: W; Hauptvegetation: Halbtrockenrasen mit Fettzeigern und Saumarten; Verbuschung: 0 - 3 %; Hauptnutzung: Mähwiese oder Mähweide.,478,2584692,1197087,5,A,,,2005,5,13,,BAFU / OFEV / UFAM (TWW - PPS),Styner Eva,480109,LC,K,L,,,,,,,LC,,,,,Caprifoliaceae,,INN,,
infoflora:225800,Gefässpflanzen,Gewöhnliche Goldnessel,Lamium galeobdolon (L.) L. subsp. galeobdolon,www.infoflora.ch/flora/1025680,Ferenbalm,BE,,,2584500,1197500,707,B,,,2015,6,25,,"Info Flora, Sandra Reinhard",Reinhard Sandra,4650804,,,,,,,,,,,,,,,Lamiaceae,,NEO,1,
infoflora:225850,Gefässpflanzen,Silber-Goldnessel,Lamium galeobdolon subsp. argentatum (Smejkal) J. Duvign.,www.infoflora.ch/flora/1025690,Gurmels,FR,,,2583500,1197500,707,B,,,2020,5,22,,"Info Flora, Andreas Gygax",Gygax Andreas,8979146,,,,,,,,,,,,,,,Lamiaceae,,NEO,1,S
infoflora:226000,Gefässpflanzen,Berg-Goldnessel,Lamium galeobdolon subsp. montanum (Pers.) Hayek,www.infoflora.ch/flora/1025710,Mühleberg,BE,"Saane, Laupenau",480,2584850,1197010,50,A,,,1996,,,,Université de Neuchâtel,Roulier Christian,1600348,LC,K,,,,,,,,LC,,,,,Lamiaceae,,INN,,
infoflora:226000,Gefässpflanzen,Berg-Goldnessel,Lamium galeobdolon subsp. montanum (Pers.) Hayek,www.infoflora.ch/flora/1025710,Mühleberg,BE,"Saane, Laupenau",480,2584850,1197010,50,A,,,1996,,,,Université de Neuchâtel,Roulier Christian,1606600,LC,K,,,,,,,,LC,,,,,Lamiaceae,,INN,,
infoflora:226500,Gefässpflanzen,Acker-Taubnessel,Lamium purpureum L.,www.infoflora.ch/flora/1025750,Gurmels,FR,,524-524,2583565,1197422,4,A,,,2021,2,28,,"Info Flora, Adrian Möhl",Möhl Adrian,10054961,LC,K,,,,,,,,LC,,,,,Lamiaceae,,INN,,
infoflora:233000,Gefässpflanzen,Raues Milchkraut,Leontodon hispidus L.,www.infoflora.ch/flora/1026330,Laupen,BE,Laupenau. Exposition: W; Hauptvegetation: Halbtrockenrasen mit Fettzeigern und Saumarten; Verbuschung: 0 - 3 %; Hauptnutzung: Mähwiese oder Mähweide.,478,2584692,1197087,5,A,,,2005,5,13,,BAFU / OFEV / UFAM (TWW - PPS),Styner Eva,480133,LC,K,,,,,,,,LC,,,,,Asteraceae,,INN,,
infoflora:236905,Gefässpflanzen,Wiesen-Margerite,Leucanthemum vulgare aggr.,www.infoflora.ch/flora/1026710,Laupen,BE,Laupenau. Exposition: W; Hauptvegetation: Halbtrockenrasen mit Fettzeigern und Saumarten; Verbuschung: 0 - 3 %; Hauptnutzung: Mähwiese oder Mähweide.,478,2584692,1197087,5,A,,,2005,5,13,,BAFU / OFEV / UFAM (TWW - PPS),Styner Eva,2987717,LC,K,,,,,,,,LC,,,,,Asteraceae,,INN,,
infoflora:236905,Gefässpflanzen,Wiesen-Margerite,Leucanthemum vulgare aggr.,www.infoflora.ch/flora/1026710,Laupen,BE,Muehleberg,478,2584476,1197625,5,A,,,2018,6,7,,"Info Flora, Daniel Slodowicz",Kurtogullari Yasemin,12447131,LC,K,,,,,,,,LC,,,,,Asteraceae,,INN,,
infoflora:236905,Gefässpflanzen,Wiesen-Margerite,Leucanthemum vulgare aggr.,www.infoflora.ch/flora/1026710,Laupen,BE,Muehleberg,478,2584476,1197625,5,A,,,2018,6,7,,"Info Flora, Daniel Slodowicz",Kurtogullari Yasemin,12447133,LC,K,,,,,,,,LC,,,,,Asteraceae,,INN,,
infoflora:236905,Gefässpflanzen,Wiesen-Margerite,Leucanthemum vulgare aggr.,www.infoflora.ch/flora/1026710,Laupen,BE,Muehleberg,478,2584476,1197625,5,A,,,2018,6,7,,"Info Flora, Daniel Slodowicz",Kurtogullari Yasemin,12447132,LC,K,,,,,,,,LC,,,,,Asteraceae,,INN,,
infoflora:242800,Gefässpflanzen,Englisches Raygras,Lolium perenne L.,www.infoflora.ch/flora/1027310,Laupen,BE,Muehleberg,478,2584476,1197625,5,A,,,2018,6,7,,"Info Flora, Daniel Slodowicz",Kurtogullari Yasemin,12447365,LC,K,,,,,,,,LC,,,,,Poaceae,,INN,,
infoflora:244000,Gefässpflanzen,Wald-Geissblatt,Lonicera periclymenum L.,www.infoflora.ch/flora/1027460,Gurmels,FR,,,2583500,1197500,707,B,,,2020,8,1,,"Info Flora, Andreas Gygax",Gygax Andreas,9264009,LC,K,L,,,,,,,LC,,,,,Caprifoliaceae,,INN,,
infoflora:244000,Gefässpflanzen,Wald-Geissblatt,Lonicera periclymenum L.,www.infoflora.ch/flora/1027460,Gurmels,FR,,,2583500,1197500,707,B,,,2020,8,1,,"Info Flora, Andreas Gygax",Gygax Andreas,9264018,LC,K,L,,,,,,,LC,,,,,Caprifoliaceae,,INN,,
infoflora:244000,Gefässpflanzen,Wald-Geissblatt,Lonicera periclymenum L.,www.infoflora.ch/flora/1027460,Gurmels,FR,,,2583500,1197500,707,B,,,2020,8,1,,"Info Flora, Andreas Gygax",Gygax Andreas,9264020,LC,K,L,,,,,,,LC,,,,,Caprifoliaceae,,INN,,
infoflora:244200,Gefässpflanzen,Rote Heckenkirsche,Lonicera xylosteum L.,www.infoflora.ch/flora/1027490,Mühleberg,BE,"Saane, Laupenau",480,2584850,1197010,50,A,,,1996,,,,Université de Neuchâtel,Roulier Christian,1570829,LC,K,,,,,,,,LC,,,,,Caprifoliaceae,,INN,,
infoflora:244400,Gefässpflanzen,Gewöhnlicher Hornklee,Lotus corniculatus L.,www.infoflora.ch/flora/1027520,Laupen,BE,Laupenau. Exposition: W; Hauptvegetation: Halbtrockenrasen mit Fettzeigern und Saumarten; Verbuschung: 0 - 3 %; Hauptnutzung: Mähwiese oder Mähweide.,478,2584692,1197087,5,A,,,2005,5,13,,BAFU / OFEV / UFAM (TWW - PPS),Styner Eva,480126,LC,K,L,,,,,,,LC,,,,,Fabaceae,,INN,,
infoflora:244400,Gefässpflanzen,Gewöhnlicher Hornklee,Lotus corniculatus L.,www.infoflora.ch/flora/1027520,Laupen,BE,Muehleberg,478,2584476,1197625,5,A,,,2018,6,7,,"Info Flora, Daniel Slodowicz",Kurtogullari Yasemin,12447479,LC,K,L,,,,,,,LC,,,,,Fabaceae,,INN,,
infoflora:244400,Gefässpflanzen,Gewöhnlicher Hornklee,Lotus corniculatus L.,www.infoflora.ch/flora/1027520,Laupen,BE,Muehleberg,478,2584476,1197625,5,A,,,2018,6,7,,"Info Flora, Daniel Slodowicz",Kurtogullari Yasemin,12447481,LC,K,L,,,,,,,LC,,,,,Fabaceae,,INN,,
infoflora:244400,Gefässpflanzen,Gewöhnlicher Hornklee,Lotus corniculatus L.,www.infoflora.ch/flora/1027520,Laupen,BE,Muehleberg,478,2584476,1197625,5,A,,,2018,6,7,,"Info Flora, Daniel Slodowicz",Kurtogullari Yasemin,12447480,LC,K,L,,,,,,,LC,,,,,Fabaceae,,INN,,
infoflora:244400,Gefässpflanzen,Gewöhnlicher Hornklee,Lotus corniculatus L.,www.infoflora.ch/flora/1027520,Laupen,BE,Muehleberg,478,2584476,1197625,5,A,,,2018,6,7,,"Info Flora, Daniel Slodowicz",Kurtogullari Yasemin,12447478,LC,K,L,,,,,,,LC,,,,,Fabaceae,,INN,,
infoflora:246100,Gefässpflanzen,Feld-Hainsimse,Luzula campestris (L.) DC.,www.infoflora.ch/flora/1027700,Laupen,BE,Muehleberg,478,2584476,1197625,5,A,,,2018,6,7,,"Info Flora, Daniel Slodowicz",Kurtogullari Yasemin,12447534,LC,K,L,,,,,,,LC,,,,,Juncaceae,,INN,,
infoflora:247500,Gefässpflanzen,Behaarte Hainsimse,Luzula pilosa (L.) Willd.,www.infoflora.ch/flora/1027840,Gurmels,FR,,,2583500,1197500,707,B,,,2020,8,1,,"Info Flora, Andreas Gygax",Gygax Andreas,9264033,LC,K,,,,,,,,LC,,,,,Juncaceae,,INN,,
infoflora:251400,Gefässpflanzen,Hain-Gilbweiderich,Lysimachia nemorum L.,www.infoflora.ch/flora/1028080,Gurmels,FR,,,2583500,1197500,707,B,,,2020,8,1,,"Info Flora, Andreas Gygax",Gygax Andreas,9264017,LC,K,,,,,,,,LC,,,,,Primulaceae,,INN,,
infoflora:251500,Gefässpflanzen,Pfennigkraut,Lysimachia nummularia L.,www.infoflora.ch/flora/1028090,Ferenbalm,BE,,,2584500,1197500,707,B,,,2015,6,25,,"Info Flora, Sandra Reinhard",Reinhard Sandra,4650800,LC,K,,,,,,,,LC,,,,,Primulaceae,,INN,,
infoflora:252100,Gefässpflanzen,Blut-Weiderich,Lythrum salicaria L.,www.infoflora.ch/flora/1028150,Gurmels,FR,,,2583500,1197500,707,B,,,2020,8,1,,"Info Flora, Andreas Gygax",Gygax Andreas,9264013,LC,K,,,,,,,,LC,,,,,Lythraceae,,INN,,
infoflora:252100,Gefässpflanzen,Blut-Weiderich,Lythrum salicaria L.,www.infoflora.ch/flora/1028150,Laupen,BE,,479-480,2584409,1197062,11,A,101–250 (Individuen),,2022,9,29,,"Info Flora, Nina Baumann",Baumann Nina,12665826,LC,K,,,,,,,,LC,,,,,Lythraceae,,INN,,
infoflora:252400,Gefässpflanzen,Zweiblättrige Schattenblume,Maianthemum bifolium (L.) F. W. Schmidt,www.infoflora.ch/flora/1028210,Gurmels,FR,,,2583500,1197500,707,B,,,2020,8,1,,"Info Flora, Andreas Gygax",Gygax Andreas,9264019,LC,K,,,,,,,,LC,,,,,Asparagaceae,,INN,,
infoflora:254000,Gefässpflanzen,Echte Kamille,Matricaria chamomilla L.,www.infoflora.ch/flora/1028420,Gurmels,FR,,,2583500,1197500,707,B,,,2019,6,15,,"Info Flora, Andreas Gygax",Gygax Andreas,7814968,LC,K,,,,,,,,LC,,,,,Asteraceae,,INN,,
infoflora:255300,Gefässpflanzen,Hopfenklee,Medicago lupulina L.,www.infoflora.ch/flora/1028530,Laupen,BE,Laupenau. Exposition: W; Hauptvegetation: Halbtrockenrasen mit Fettzeigern und Saumarten; Verbuschung: 0 - 3 %; Hauptnutzung: Mähwiese oder Mähweide.,478,2584692,1197087,5,A,,,2005,5,13,,BAFU / OFEV / UFAM (TWW - PPS),Styner Eva,480136,LC,K,L,,,,,,,LC,,,,,Fabaceae,,INN,,
infoflora:256000,Gefässpflanzen,Saat-Luzerne,Medicago sativa L.,www.infoflora.ch/flora/1028590,Laupen,BE,Muehleberg,478,2584476,1197625,5,A,,,2018,6,7,,"Info Flora, Daniel Slodowicz",Kurtogullari Yasemin,12447609,LC,K,,,,,,,,LC,,,,,Fabaceae,,INN,,
infoflora:256500,Gefässpflanzen,Wiesen-Wachtelweizen,Melampyrum pratense L.,www.infoflora.ch/flora/1028640,Gurmels,FR,,,2583500,1197500,707,B,>250 (Individuen),,2020,8,1,,"Info Flora, Andreas Gygax",Gygax Andreas,9264034,LC,K,,,,,,,,LC,,,,,Orobanchaceae,,INN,,
infoflora:256500,Gefässpflanzen,Wiesen-Wachtelweizen,Melampyrum pratense L.,www.infoflora.ch/flora/1028640,Gurmels,FR,,,2583500,1197500,707,B,,,2020,8,1,,"Info Flora, Andreas Gygax",Gygax Andreas,9264014,LC,K,,,,,,,,LC,,,,,Orobanchaceae,,INN,,
infoflora:257200,Gefässpflanzen,Weisser Honigklee,Melilotus albus Medik.,www.infoflora.ch/flora/1028720,Gurmels,FR,,,2583500,1197500,707,B,,,2020,8,1,,"Info Flora, Andreas Gygax",Gygax Andreas,9264008,LC,K,,,,,,,,LC,,,,,Fabaceae,,INN,,
infoflora:263300,Gefässpflanzen,Rohr-Pfeifengras,Molinia arundinacea Schrank,www.infoflora.ch/flora/1029430,Mühleberg,BE,Wasserzügiger Tuffhang an Felsen über der Saane,480-483,2584877,1197272,11,A,,,2020,11,22,,"Info Flora, Michael Jutzi",Jutzi Michael,9924131,LC,K,L,,,,,,,LC,,,,,Poaceae,,INN,,
infoflora:263300,Gefässpflanzen,Rohr-Pfeifengras,Molinia arundinacea Schrank,www.infoflora.ch/flora/1029430,Mühleberg,BE,Wasserzügiger Tuffhang an Felsen über der Saane,479-480,2584861,1197230,12,A,,,2020,11,22,,"Info Flora, Michael Jutzi",Jutzi Michael,9924127,LC,K,L,,,,,,,LC,,,,,Poaceae,,INN,,
infoflora:265900,Gefässpflanzen,Acker-Vergissmeinnicht,Myosotis arvensis Hill,www.infoflora.ch/flora/1029700,Laupen,BE,Muehleberg,478,2584476,1197625,5,A,,,2018,6,7,,"Info Flora, Daniel Slodowicz",Kurtogullari Yasemin,12447640,LC,K,L,,,,,,,LC,,,,,Boraginaceae,,INN,,
infoflora:265900,Gefässpflanzen,Acker-Vergissmeinnicht,Myosotis arvensis Hill,www.infoflora.ch/flora/1029700,Laupen,BE,Muehleberg,478,2584476,1197625,5,A,,,2018,6,7,,"Info Flora, Daniel Slodowicz",Kurtogullari Yasemin,12447638,LC,K,L,,,,,,,LC,,,,,Boraginaceae,,INN,,
infoflora:265900,Gefässpflanzen,Acker-Vergissmeinnicht,Myosotis arvensis Hill,www.infoflora.ch/flora/1029700,Laupen,BE,Muehleberg,478,2584476,1197625,5,A,,,2018,6,7,,"Info Flora, Daniel Slodowicz",Kurtogullari Yasemin,12447639,LC,K,L,,,,,,,LC,,,,,Boraginaceae,,INN,,
infoflora:265900,Gefässpflanzen,Acker-Vergissmeinnicht,Myosotis arvensis Hill,www.infoflora.ch/flora/1029700,Gurmels,FR,,,2583500,1197500,707,B,,,2019,6,15,,"Info Flora, Andreas Gygax",Gygax Andreas,7814969,LC,K,L,,,,,,,LC,,,,,Boraginaceae,,INN,,
infoflora:282600,Gefässpflanzen,Echter Dost,Origanum vulgare L.,www.infoflora.ch/flora/1031560,Gurmels,FR,,535-536,2584054,1197758,4,A,,,2021,2,28,,"Info Flora, Adrian Möhl",Möhl Adrian,10054970,LC,K,L,,,,,,,LC,,,,,Lamiaceae,,INN,,
infoflora:283800,Gefässpflanzen,Doldiger Milchstern,Ornithogalum umbellatum L.,www.infoflora.ch/flora/1031680,Laupen,BE,Muehleberg,478,2584476,1197625,5,A,,,2018,6,7,,"Info Flora, Daniel Slodowicz",Kurtogullari Yasemin,12447696,LC,K,L,,,,,,,LC,,,,,Asparagaceae,,INN,,
infoflora:283800,Gefässpflanzen,Doldiger Milchstern,Ornithogalum umbellatum L.,www.infoflora.ch/flora/1031680,Laupen,BE,Muehleberg,478,2584476,1197625,5,A,,,2018,6,7,,"Info Flora, Daniel Slodowicz",Kurtogullari Yasemin,12447697,LC,K,L,,,,,,,LC,,,,,Asparagaceae,,INN,,
infoflora:291800,Gefässpflanzen,Klatsch-Mohn,Papaver rhoeas L.,www.infoflora.ch/flora/1032530,Gurmels,FR,,,2583500,1197500,707,B,,,2019,6,15,,"Info Flora, Andreas Gygax",Gygax Andreas,7814967,LC,K,L,,,,,,,LC,,,,,Papaveraceae,,INN,,
infoflora:292600,Gefässpflanzen,Vierblättrige Einbeere,Paris quadrifolia L.,www.infoflora.ch/flora/1032590,Mühleberg,BE,"Saane, Laupenau",480,2584850,1197010,50,A,,,1996,,,,Université de Neuchâtel,Roulier Christian,1606596,LC,K,,,,,,,,LC,,,,,Melanthiaceae,,INN,,
infoflora:292600,Gefässpflanzen,Vierblättrige Einbeere,Paris quadrifolia L.,www.infoflora.ch/flora/1032590,Ferenbalm,BE,,,2584500,1197500,707,B,,,2015,6,25,,"Info Flora, Sandra Reinhard",Reinhard Sandra,4650802,LC,K,,,,,,,,LC,,,,,Melanthiaceae,,INN,,
infoflora:295900,Gefässpflanzen,Rote Pestwurz,Petasites hybridus (L.) G. Gaertn. & al.,www.infoflora.ch/flora/1033010,Mühleberg,BE,"Saane, Laupenau",480,2584820,1197270,50,A,,,1996,,,,Université de Neuchâtel,Roulier Christian,1600414,LC,K,,,,,,,,LC,,,,,Asteraceae,,INN,,
infoflora:297900,Gefässpflanzen,Rohr-Glanzgras,Phalaris arundinacea L.,www.infoflora.ch/flora/1033230,Mühleberg,BE,"Saane, Laupenau",480,2584820,1197270,50,A,,,1996,,,,Université de Neuchâtel,Roulier Christian,1600409,LC,K,L,,,,,,,LC,,,,,Poaceae,,INN,,
infoflora:303100,Gefässpflanzen,Gewöhnliches Bitterkraut,Picris hieracioides L.,www.infoflora.ch/flora/1033830,Laupen,BE,Muehleberg,478,2584476,1197625,5,A,,,2018,6,7,,"Info Flora, Daniel Slodowicz",Kurtogullari Yasemin,12447785,LC,K,,,,,,,,LC,,,,,Asteraceae,,INN,,
infoflora:306100,Gefässpflanzen,Wald-Föhre,Pinus sylvestris L.,www.infoflora.ch/flora/1034130,Gurmels,FR,,530-531,2584098,1198011,4,A,,,2020,3,19,,"Info Flora, Adrian Möhl",Möhl Adrian,8778570,LC,K,,,,,,,,LC,,,,,Pinaceae,,INN,,
infoflora:307800,Gefässpflanzen,Spitz-Wegerich,Plantago lanceolata L.,www.infoflora.ch/flora/1034330,Laupen,BE,Laupenau. Exposition: W; Hauptvegetation: Halbtrockenrasen mit Fettzeigern und Saumarten; Verbuschung: 0 - 3 %; Hauptnutzung: Mähwiese oder Mähweide.,478,2584692,1197087,5,A,,,2005,5,13,,BAFU / OFEV / UFAM (TWW - PPS),Styner Eva,480127,LC,K,,,,,,,,LC,,,,,Plantaginaceae,,INN,,
infoflora:307800,Gefässpflanzen,Spitz-Wegerich,Plantago lanceolata L.,www.infoflora.ch/flora/1034330,Laupen,BE,Muehleberg,478,2584476,1197625,5,A,,,2018,6,7,,"Info Flora, Daniel Slodowicz",Kurtogullari Yasemin,12447972,LC,K,,,,,,,,LC,,,,,Plantaginaceae,,INN,,
infoflora:307800,Gefässpflanzen,Spitz-Wegerich,Plantago lanceolata L.,www.infoflora.ch/flora/1034330,Laupen,BE,Muehleberg,478,2584476,1197625,5,A,,,2018,6,7,,"Info Flora, Daniel Slodowicz",Kurtogullari Yasemin,12447971,LC,K,,,,,,,,LC,,,,,Plantaginaceae,,INN,,
infoflora:307800,Gefässpflanzen,Spitz-Wegerich,Plantago lanceolata L.,www.infoflora.ch/flora/1034330,Laupen,BE,Muehleberg,478,2584476,1197625,5,A,,,2018,6,7,,"Info Flora, Daniel Slodowicz",Kurtogullari Yasemin,12447974,LC,K,,,,,,,,LC,,,,,Plantaginaceae,,INN,,
infoflora:307800,Gefässpflanzen,Spitz-Wegerich,Plantago lanceolata L.,www.infoflora.ch/flora/1034330,Laupen,BE,Muehleberg,478,2584476,1197625,5,A,,,2018,6,7,,"Info Flora, Daniel Slodowicz",Kurtogullari Yasemin,12447975,LC,K,,,,,,,,LC,,,,,Plantaginaceae,,INN,,
infoflora:307800,Gefässpflanzen,Spitz-Wegerich,Plantago lanceolata L.,www.infoflora.ch/flora/1034330,Laupen,BE,Muehleberg,478,2584476,1197625,5,A,,,2018,6,7,,"Info Flora, Daniel Slodowicz",Kurtogullari Yasemin,12447973,LC,K,,,,,,,,LC,,,,,Plantaginaceae,,INN,,
infoflora:307800,Gefässpflanzen,Spitz-Wegerich,Plantago lanceolata L.,www.infoflora.ch/flora/1034330,Gurmels,FR,,535,2583994,1197789,4,A,,,2021,2,28,,"Info Flora, Adrian Möhl",Möhl Adrian,10054968,LC,K,,,,,,,,LC,,,,,Plantaginaceae,,INN,,
infoflora:307850,Gefässpflanzen,Breit-Wegerich,Plantago major L.,www.infoflora.ch/flora/1034350,Mühleberg,BE,"Saane, Laupenau",480,2584820,1197270,50,A,,,1996,,,,Université de Neuchâtel,Roulier Christian,1600410,LC,K,,,,,,,,LC,,,,,Plantaginaceae,,INN,,
infoflora:311295,Gefässpflanzen,Gemeines Rispengras,Poa trivialis L.,www.infoflora.ch/flora/1034690,Mühleberg,BE,"Saane, Laupenau",480,2584820,1197270,50,A,,,1996,,,,Université de Neuchâtel,Roulier Christian,1600413,LC,K,,,,,,,,LC,,,,,Poaceae,,INN,,
infoflora:311295,Gefässpflanzen,Gemeines Rispengras,Poa trivialis L.,www.infoflora.ch/flora/1034690,Mühleberg,BE,"Saane, Laupenau",480,2584850,1197010,50,A,,,1996,,,,Université de Neuchâtel,Roulier Christian,1606607,LC,K,,,,,,,,LC,,,,,Poaceae,,INN,,
infoflora:311295,Gefässpflanzen,Gemeines Rispengras,Poa trivialis L.,www.infoflora.ch/flora/1034690,Laupen,BE,Muehleberg,478,2584476,1197625,5,A,,,2018,6,7,,"Info Flora, Daniel Slodowicz",Kurtogullari Yasemin,12448335,LC,K,,,,,,,,LC,,,,,Poaceae,,INN,,
infoflora:311295,Gefässpflanzen,Gemeines Rispengras,Poa trivialis L.,www.infoflora.ch/flora/1034690,Laupen,BE,Muehleberg,478,2584476,1197625,5,A,,,2018,6,7,,"Info Flora, Daniel Slodowicz",Kurtogullari Yasemin,12448334,LC,K,,,,,,,,LC,,,,,Poaceae,,INN,,
infoflora:311295,Gefässpflanzen,Gemeines Rispengras,Poa trivialis L.,www.infoflora.ch/flora/1034690,Laupen,BE,Muehleberg,478,2584476,1197625,5,A,,,2018,6,7,,"Info Flora, Daniel Slodowicz",Kurtogullari Yasemin,12448333,LC,K,,,,,,,,LC,,,,,Poaceae,,INN,,
infoflora:311295,Gefässpflanzen,Gemeines Rispengras,Poa trivialis L.,www.infoflora.ch/flora/1034690,Laupen,BE,Muehleberg,478,2584476,1197625,5,A,,,2018,6,7,,"Info Flora, Daniel Slodowicz",Kurtogullari Yasemin,12448331,LC,K,,,,,,,,LC,,,,,Poaceae,,INN,,
infoflora:311295,Gefässpflanzen,Gemeines Rispengras,Poa trivialis L.,www.infoflora.ch/flora/1034690,Laupen,BE,Muehleberg,478,2584476,1197625,5,A,,,2018,6,7,,"Info Flora, Daniel Slodowicz",Kurtogullari Yasemin,12448332,LC,K,,,,,,,,LC,,,,,Poaceae,,INN,,
infoflora:324500,Gefässpflanzen,Kriechendes Fingerkraut,Potentilla reptans L.,www.infoflora.ch/flora/1036040,Laupen,BE,Muehleberg,478,2584476,1197625,5,A,,,2018,6,7,,"Info Flora, Daniel Slodowicz",Kurtogullari Yasemin,12448429,LC,K,,,,,,,,LC,,,,,Rosaceae,,INN,,
infoflora:324500,Gefässpflanzen,Kriechendes Fingerkraut,Potentilla reptans L.,www.infoflora.ch/flora/1036040,Gurmels,FR,,,2583500,1197500,707,B,,,2020,8,1,,"Info Flora, Andreas Gygax",Gygax Andreas,9264016,LC,K,,,,,,,,LC,,,,,Rosaceae,,INN,,
infoflora:324500,Gefässpflanzen,Kriechendes Fingerkraut,Potentilla reptans L.,www.infoflora.ch/flora/1036040,Gurmels,FR,,524-524,2583548,1197416,4,A,,,2021,2,28,,"Info Flora, Adrian Möhl",Möhl Adrian,10054959,LC,K,,,,,,,,LC,,,,,Rosaceae,,INN,,
infoflora:328100,Gefässpflanzen,Kleine Brunelle,Prunella vulgaris L.,www.infoflora.ch/flora/1036480,Laupen,BE,Muehleberg,478,2584476,1197625,5,A,,,2018,6,7,,"Info Flora, Daniel Slodowicz",Kurtogullari Yasemin,12448510,LC,K,,,,,,,,LC,,,,,Lamiaceae,,INN,,
infoflora:328100,Gefässpflanzen,Kleine Brunelle,Prunella vulgaris L.,www.infoflora.ch/flora/1036480,Laupen,BE,Muehleberg,478,2584476,1197625,5,A,,,2018,6,7,,"Info Flora, Daniel Slodowicz",Kurtogullari Yasemin,12448511,LC,K,,,,,,,,LC,,,,,Lamiaceae,,INN,,
infoflora:330300,Gefässpflanzen,Schwarzdorn,Prunus spinosa L.,www.infoflora.ch/flora/1036670,Gurmels,FR,,,2583500,1197500,707,B,,,2020,8,1,,"Info Flora, Andreas Gygax",Gygax Andreas,9264007,LC,K,L,,,,,,,LC,,,,,Rosaceae,,INN,,
infoflora:330300,Gefässpflanzen,Schwarzdorn,Prunus spinosa L.,www.infoflora.ch/flora/1036670,Gurmels,FR,,535-536,2584068,1197824,4,A,,,2021,2,28,,"Info Flora, Adrian Möhl",Möhl Adrian,10054973,LC,K,L,,,,,,,LC,,,,,Rosaceae,,INN,,
infoflora:330600,Gefässpflanzen,Douglasfichte,Pseudotsuga menziesii (Mirb.) Franco,www.infoflora.ch/flora/1036740,Gurmels,FR,,531,2584087,1197857,4,A,,,2021,2,28,,"Info Flora, Adrian Möhl",Möhl Adrian,10054974,,,,,,,,,,,,,,,Pinaceae,,NEO,1,
infoflora:332800,Gefässpflanzen,Dunkelgrünes Lungenkraut,Pulmonaria obscura Dumort.,www.infoflora.ch/flora/1036950,Mühleberg,BE,"Saane, Laupenau",480,2584850,1197010,50,A,,,1996,,,,Université de Neuchâtel,Roulier Christian,1606594,LC,K,,,,,,,,LC,,,,,Boraginaceae,,INN,,
infoflora:332800,Gefässpflanzen,Dunkelgrünes Lungenkraut,Pulmonaria obscura Dumort.,www.infoflora.ch/flora/1036950,Mühleberg,BE,"Saane, Laupenau",480,2584850,1197010,50,A,,,1996,,,,Université de Neuchâtel,Roulier Christian,1600347,LC,K,,,,,,,,LC,,,,,Boraginaceae,,INN,,
infoflora:332800,Gefässpflanzen,Dunkelgrünes Lungenkraut,Pulmonaria obscura Dumort.,www.infoflora.ch/flora/1036950,Gurmels,FR,,,2583500,1197500,707,B,1–10 (Individuen),,2020,3,18,,"Info Flora, Andreas Gygax",Gygax Andreas,8779748,LC,K,,,,,,,,LC,,,,,Boraginaceae,,INN,,
infoflora:336595,Gefässpflanzen,Scharfer Hahnenfuss,Ranunculus acris L.,www.infoflora.ch/flora/1037370,Laupen,BE,Laupenau. Exposition: W; Hauptvegetation: Halbtrockenrasen mit Fettzeigern und Saumarten; Verbuschung: 0 - 3 %; Hauptnutzung: Mähwiese oder Mähweide.,478,2584692,1197087,5,A,,,2005,5,13,,BAFU / OFEV / UFAM (TWW - PPS),Styner Eva,480111,LC,K,,,,,,,,LC,,,,,Ranunculaceae,,INN,,
infoflora:336595,Gefässpflanzen,Scharfer Hahnenfuss,Ranunculus acris L.,www.infoflora.ch/flora/1037370,Laupen,BE,Muehleberg,478,2584476,1197625,5,A,,,2018,6,7,,"Info Flora, Daniel Slodowicz",Kurtogullari Yasemin,12448699,LC,K,,,,,,,,LC,,,,,Ranunculaceae,,INN,,
infoflora:336595,Gefässpflanzen,Scharfer Hahnenfuss,Ranunculus acris L.,www.infoflora.ch/flora/1037370,Laupen,BE,Muehleberg,478,2584476,1197625,5,A,,,2018,6,7,,"Info Flora, Daniel Slodowicz",Kurtogullari Yasemin,12448700,LC,K,,,,,,,,LC,,,,,Ranunculaceae,,INN,,
infoflora:336595,Gefässpflanzen,Scharfer Hahnenfuss,Ranunculus acris L.,www.infoflora.ch/flora/1037370,Laupen,BE,Muehleberg,478,2584476,1197625,5,A,,,2018,6,7,,"Info Flora, Daniel Slodowicz",Kurtogullari Yasemin,12448698,LC,K,,,,,,,,LC,,,,,Ranunculaceae,,INN,,
infoflora:336595,Gefässpflanzen,Scharfer Hahnenfuss,Ranunculus acris L.,www.infoflora.ch/flora/1037370,Laupen,BE,Muehleberg,478,2584476,1197625,5,A,,,2018,6,7,,"Info Flora, Daniel Slodowicz",Kurtogullari Yasemin,12448697,LC,K,,,,,,,,LC,,,,,Ranunculaceae,,INN,,
infoflora:336595,Gefässpflanzen,Scharfer Hahnenfuss,Ranunculus acris L.,www.infoflora.ch/flora/1037370,Laupen,BE,Muehleberg,478,2584476,1197625,5,A,,,2018,6,7,,"Info Flora, Daniel Slodowicz",Kurtogullari Yasemin,12448701,LC,K,,,,,,,,LC,,,,,Ranunculaceae,,INN,,
infoflora:337300,Gefässpflanzen,Gold-Hahnenfuss,Ranunculus auricomus aggr.,www.infoflora.ch/flora/1037460,Mühleberg,BE,"Saane, Laupenau",480,2584850,1197010,50,A,,,1996,,,,Université de Neuchâtel,Roulier Christian,1606595,LC,K,,,,,,,,LC,,,,,Ranunculaceae,,INN,,
infoflora:337700,Gefässpflanzen,Knolliger Hahnenfuss,Ranunculus bulbosus L.,www.infoflora.ch/flora/1037510,Laupen,BE,Laupenau. Exposition: W; Hauptvegetation: Halbtrockenrasen mit Fettzeigern und Saumarten; Verbuschung: 0 - 3 %; Hauptnutzung: Mähwiese oder Mähweide.,478,2584692,1197087,5,A,,,2005,5,13,,BAFU / OFEV / UFAM (TWW - PPS),Styner Eva,480138,LC,K,L,,,,,,,LC,,,,,Ranunculaceae,,INN,,
infoflora:338200,Gefässpflanzen,Scharbockskraut,Ranunculus ficaria L.,www.infoflora.ch/flora/1037550,Mühleberg,BE,"Saane, Laupenau",480,2584850,1197010,50,A,,,1996,,,,Université de Neuchâtel,Roulier Christian,1606605,LC,K,,,,,,,,LC,,,,,Ranunculaceae,,INN,,
infoflora:340900,Gefässpflanzen,Kriechender Hahnenfuss,Ranunculus repens L.,www.infoflora.ch/flora/1037840,Mühleberg,BE,"Saane, Laupenau",480,2584820,1197270,50,A,,,1996,,,,Université de Neuchâtel,Roulier Christian,1600406,LC,K,,,,,,,,LC,,,,,Ranunculaceae,,INN,,
infoflora:340900,Gefässpflanzen,Kriechender Hahnenfuss,Ranunculus repens L.,www.infoflora.ch/flora/1037840,Laupen,BE,Muehleberg,478,2584476,1197625,5,A,,,2018,6,7,,"Info Flora, Daniel Slodowicz",Kurtogullari Yasemin,12448878,LC,K,,,,,,,,LC,,,,,Ranunculaceae,,INN,,
infoflora:340900,Gefässpflanzen,Kriechender Hahnenfuss,Ranunculus repens L.,www.infoflora.ch/flora/1037840,Laupen,BE,Muehleberg,478,2584476,1197625,5,A,,,2018,6,7,,"Info Flora, Daniel Slodowicz",Kurtogullari Yasemin,12448880,LC,K,,,,,,,,LC,,,,,Ranunculaceae,,INN,,
infoflora:340900,Gefässpflanzen,Kriechender Hahnenfuss,Ranunculus repens L.,www.infoflora.ch/flora/1037840,Laupen,BE,Muehleberg,478,2584476,1197625,5,A,,,2018,6,7,,"Info Flora, Daniel Slodowicz",Kurtogullari Yasemin,12448879,LC,K,,,,,,,,LC,,,,,Ranunculaceae,,INN,,
infoflora:340900,Gefässpflanzen,Kriechender Hahnenfuss,Ranunculus repens L.,www.infoflora.ch/flora/1037840,Gurmels,FR,,530,2583994,1197939,4,A,,,2021,1,10,,"Info Flora, Adrian Möhl",Möhl Adrian,10026968,LC,K,,,,,,,,LC,,,,,Ranunculaceae,,INN,,
infoflora:346300,Gefässpflanzen,Rote Johannisbeere,Ribes rubrum L.,www.infoflora.ch/flora/1038460,Mühleberg,BE,"Saane, Laupenau",480,2584850,1197010,50,A,,,1996,,,,Université de Neuchâtel,Roulier Christian,1570828,,,,,,,,,,,,,,,Grossulariaceae,,NEO,1,
infoflora:351950,Gefässpflanzen,Armenische Brombeere,Rubus armeniacus Focke,www.infoflora.ch/flora/1039160,Gurmels,FR,,525-525,2583498,1197388,4,A,,,2021,2,28,,"Info Flora, Adrian Möhl",Möhl Adrian,10054958,,,,,,,,,,,,,,,Rosaceae,,NLS,1,
infoflora:352200,Gefässpflanzen,Blaue Brombeere,Rubus caesius L.,www.infoflora.ch/flora/1039200,Mühleberg,BE,"Saane, Laupenau",480,2584820,1197270,50,A,,,1996,,,,Université de Neuchâtel,Roulier Christian,1600412,LC,K,,,,,,,,LC,,,,,Rosaceae,,INN,,
infoflora:358900,Gefässpflanzen,Wiesen-Sauerampfer,Rumex acetosa L.,www.infoflora.ch/flora/1040140,Laupen,BE,Muehleberg,478,2584476,1197625,5,A,,,2018,6,7,,"Info Flora, Daniel Slodowicz",Kurtogullari Yasemin,12449139,LC,K,,,,,,,,LC,,,,,Polygonaceae,,INN,,
infoflora:358900,Gefässpflanzen,Wiesen-Sauerampfer,Rumex acetosa L.,www.infoflora.ch/flora/1040140,Laupen,BE,Muehleberg,478,2584476,1197625,5,A,,,2018,6,7,,"Info Flora, Daniel Slodowicz",Kurtogullari Yasemin,12449138,LC,K,,,,,,,,LC,,,,,Polygonaceae,,INN,,
infoflora:358900,Gefässpflanzen,Wiesen-Sauerampfer,Rumex acetosa L.,www.infoflora.ch/flora/1040140,Laupen,BE,Muehleberg,478,2584476,1197625,5,A,,,2018,6,7,,"Info Flora, Daniel Slodowicz",Kurtogullari Yasemin,12449137,LC,K,,,,,,,,LC,,,,,Polygonaceae,,INN,,
infoflora:358900,Gefässpflanzen,Wiesen-Sauerampfer,Rumex acetosa L.,www.infoflora.ch/flora/1040140,Gurmels,FR,,530-532,2583999,1197951,4,A,,,2021,1,10,,"Info Flora, Adrian Möhl",Möhl Adrian,10026967,LC,K,,,,,,,,LC,,,,,Polygonaceae,,INN,,
infoflora:360400,Gefässpflanzen,Stumpfblättriger Ampfer,Rumex obtusifolius L.,www.infoflora.ch/flora/1040290,Mühleberg,BE,"Saane, Laupenau",480,2584820,1197270,50,A,,,1996,,,,Université de Neuchâtel,Roulier Christian,1600407,LC,K,,,,,,,,LC,,,,,Polygonaceae,,INN,,
infoflora:360400,Gefässpflanzen,Stumpfblättriger Ampfer,Rumex obtusifolius L.,www.infoflora.ch/flora/1040290,Laupen,BE,Muehleberg,478,2584476,1197625,5,A,,,2018,6,7,,"Info Flora, Daniel Slodowicz",Kurtogullari Yasemin,12449259,LC,K,,,,,,,,LC,,,,,Polygonaceae,,INN,,
infoflora:362500,Gefässpflanzen,Breitblättriges Pfeilkraut,Sagittaria latifolia Willd.,www.infoflora.ch/flora/1040510,Laupen,BE,,478,2584637,1197430,6,A,,,2018,8,17,,"Info Flora, Michael Ryf",Ryf Michael,6843598,,,,,,,,,,,,,,,Alismataceae,,NLI,1,
infoflora:365800,Gefässpflanzen,Purpur-Weide,Salix purpurea L.,www.infoflora.ch/flora/1040920,Mühleberg,BE,"Saane, Laupenau",480,2584820,1197270,50,A,,,1996,,,,Université de Neuchâtel,Roulier Christian,1570854,LC,K,,,,,,,,LC,,,,,Salicaceae,,INN,,
infoflora:366400,Gefässpflanzen,Mandel-Weide,Salix triandra L.,www.infoflora.ch/flora/1041020,Mühleberg,BE,"Saane, Laupenau",480,2584820,1197270,50,A,,,1996,,,,Université de Neuchâtel,Roulier Christian,1570855,LC,K,,,,,,,,LC,,,,,Salicaceae,,INN,,
infoflora:366500,Gefässpflanzen,Korb-Weide,Salix viminalis L.,www.infoflora.ch/flora/1041040,Mühleberg,BE,"Saane, Laupenau",480,2584820,1197270,50,A,,,1996,,,,Université de Neuchâtel,Roulier Christian,1570853,LC,K,,,,,,,,LC,,,,,Salicaceae,,INN,,
infoflora:367600,Gefässpflanzen,Wiesen-Salbei,Salvia pratensis L.,www.infoflora.ch/flora/1041200,Laupen,BE,Muehleberg,478,2584476,1197625,5,A,,,2018,6,7,,"Info Flora, Daniel Slodowicz",Kurtogullari Yasemin,12449332,LC,K,L,,,,,,,LC,,,,,Lamiaceae,,INN,,
infoflora:367600,Gefässpflanzen,Wiesen-Salbei,Salvia pratensis L.,www.infoflora.ch/flora/1041200,Laupen,BE,Muehleberg,478,2584476,1197625,5,A,,,2018,6,7,,"Info Flora, Daniel Slodowicz",Kurtogullari Yasemin,12449333,LC,K,L,,,,,,,LC,,,,,Lamiaceae,,INN,,
infoflora:367600,Gefässpflanzen,Wiesen-Salbei,Salvia pratensis L.,www.infoflora.ch/flora/1041200,Laupen,BE,Muehleberg,478,2584476,1197625,5,A,,,2018,6,7,,"Info Flora, Daniel Slodowicz",Kurtogullari Yasemin,12449334,LC,K,L,,,,,,,LC,,,,,Lamiaceae,,INN,,
infoflora:368300,Gefässpflanzen,Schwarzer Holunder,Sambucus nigra L.,www.infoflora.ch/flora/1041280,Mühleberg,BE,"Saane, Laupenau",480,2584850,1197010,50,A,,,1996,,,,Université de Neuchâtel,Roulier Christian,1570827,LC,K,,,,,,,,LC,,,,,Adoxaceae,,INN,,
infoflora:369500,Gefässpflanzen,Echtes Seifenkraut,Saponaria officinalis L.,www.infoflora.ch/flora/1041420,Ferenbalm,BE,,513,2584138,1197067,4,A,1–10 (Individuen),,2021,9,30,,"Info Flora, Nina Baumann",Baumann Nina,10958144,LC,K,L,,,,,,,LC,,,,,Caryophyllaceae,,INN,,
infoflora:395200,Gefässpflanzen,Kuckucks-Lichtnelke,Silene flos-cuculi (L.) Clairv.,www.infoflora.ch/flora/1043970,Laupen,BE,Muehleberg,478,2584476,1197625,5,A,,,2018,6,7,,"Info Flora, Daniel Slodowicz",Kurtogullari Yasemin,12449431,LC,K,L,,,,,,,LC,,,,,Caryophyllaceae,,INN,,
infoflora:395200,Gefässpflanzen,Kuckucks-Lichtnelke,Silene flos-cuculi (L.) Clairv.,www.infoflora.ch/flora/1043970,Laupen,BE,Muehleberg,478,2584476,1197625,5,A,,,2018,6,7,,"Info Flora, Daniel Slodowicz",Kurtogullari Yasemin,12449432,LC,K,L,,,,,,,LC,,,,,Caryophyllaceae,,INN,,
infoflora:395200,Gefässpflanzen,Kuckucks-Lichtnelke,Silene flos-cuculi (L.) Clairv.,www.infoflora.ch/flora/1043970,Laupen,BE,Muehleberg,478,2584476,1197625,5,A,,,2018,6,7,,"Info Flora, Daniel Slodowicz",Kurtogullari Yasemin,12449433,LC,K,L,,,,,,,LC,,,,,Caryophyllaceae,,INN,,
infoflora:397295,Gefässpflanzen,Klatschnelke,Silene vulgaris (Moench) Garcke,www.infoflora.ch/flora/1044140,Laupen,BE,Laupenau. Exposition: W; Hauptvegetation: Halbtrockenrasen mit Fettzeigern und Saumarten; Verbuschung: 0 - 3 %; Hauptnutzung: Mähwiese oder Mähweide.,478,2584692,1197087,5,A,,,2005,5,13,,BAFU / OFEV / UFAM (TWW - PPS),Styner Eva,480092,LC,K,,,,,,,,LC,,,,,Caryophyllaceae,,INN,,
infoflora:401395,Gefässpflanzen,Echte Goldrute,Solidago virgaurea L.,www.infoflora.ch/flora/1044620,Laupen,BE,Laupenau. Exposition: W; Hauptvegetation: Halbtrockenrasen mit Fettzeigern und Saumarten; Verbuschung: 0 - 3 %; Hauptnutzung: Mähwiese oder Mähweide.,478,2584692,1197087,5,A,,,2005,5,13,,BAFU / OFEV / UFAM (TWW - PPS),Styner Eva,480086,LC,K,,,,,,,,LC,,,,,Asteraceae,,INN,,
infoflora:406800,Gefässpflanzen,Wald-Ziest,Stachys sylvatica L.,www.infoflora.ch/flora/1045310,Gurmels,FR,,,2583500,1197500,707,B,,,2020,8,1,,"Info Flora, Andreas Gygax",Gygax Andreas,9264010,LC,K,,,,,,,,LC,,,,,Lamiaceae,,INN,,
infoflora:413100,Gefässpflanzen,Gewöhnlicher Löwenzahn,Taraxacum officinale aggr.,www.infoflora.ch/flora/1046080,Laupen,BE,Laupenau. Exposition: W; Hauptvegetation: Halbtrockenrasen mit Fettzeigern und Saumarten; Verbuschung: 0 - 3 %; Hauptnutzung: Mähwiese oder Mähweide.,478,2584692,1197087,5,A,,,2005,5,13,,BAFU / OFEV / UFAM (TWW - PPS),Styner Eva,480095,LC,K,,,,,,,,LC,,,,,Asteraceae,,INN,,
infoflora:421500,Gefässpflanzen,Sommer-Linde,Tilia platyphyllos Scop.,www.infoflora.ch/flora/1046970,Mühleberg,BE,"Saane, Laupenau",480,2584850,1197010,50,A,,,1996,,,,Université de Neuchâtel,Roulier Christian,1570821,LC,K,,,,,,,,LC,,,,,Malvaceae,,INN,,
infoflora:425100,Gefässpflanzen,Zweifelhafter Klee,Trifolium dubium Sibth.,www.infoflora.ch/flora/1047430,Laupen,BE,Muehleberg,478,2584476,1197625,5,A,,,2018,6,7,,"Info Flora, Daniel Slodowicz",Kurtogullari Yasemin,12449888,LC,K,,,,,,,,LC,,,,,Fabaceae,,INN,,
infoflora:426895,Gefässpflanzen,Rot-Klee,Trifolium pratense L.,www.infoflora.ch/flora/1047600,Laupen,BE,Laupenau. Exposition: W; Hauptvegetation: Halbtrockenrasen mit Fettzeigern und Saumarten; Verbuschung: 0 - 3 %; Hauptnutzung: Mähwiese oder Mähweide.,478,2584692,1197087,5,A,,,2005,5,13,,BAFU / OFEV / UFAM (TWW - PPS),Styner Eva,480141,LC,K,,,,,,,,LC,,,,,Fabaceae,,INN,,
infoflora:426895,Gefässpflanzen,Rot-Klee,Trifolium pratense L.,www.infoflora.ch/flora/1047600,Laupen,BE,Muehleberg,478,2584476,1197625,5,A,,,2018,6,7,,"Info Flora, Daniel Slodowicz",Kurtogullari Yasemin,12450123,LC,K,,,,,,,,LC,,,,,Fabaceae,,INN,,
infoflora:426895,Gefässpflanzen,Rot-Klee,Trifolium pratense L.,www.infoflora.ch/flora/1047600,Laupen,BE,Muehleberg,478,2584476,1197625,5,A,,,2018,6,7,,"Info Flora, Daniel Slodowicz",Kurtogullari Yasemin,12450125,LC,K,,,,,,,,LC,,,,,Fabaceae,,INN,,
infoflora:426895,Gefässpflanzen,Rot-Klee,Trifolium pratense L.,www.infoflora.ch/flora/1047600,Laupen,BE,Muehleberg,478,2584476,1197625,5,A,,,2018,6,7,,"Info Flora, Daniel Slodowicz",Kurtogullari Yasemin,12450124,LC,K,,,,,,,,LC,,,,,Fabaceae,,INN,,
infoflora:426895,Gefässpflanzen,Rot-Klee,Trifolium pratense L.,www.infoflora.ch/flora/1047600,Gurmels,FR,,532,2584011,1197963,4,A,,,2021,1,10,,"Info Flora, Adrian Möhl",Möhl Adrian,10026965,LC,K,,,,,,,,LC,,,,,Fabaceae,,INN,,
infoflora:429400,Gefässpflanzen,Wiesen-Goldhafer,Trisetum flavescens (L.) P. Beauv.,www.infoflora.ch/flora/1047890,Laupen,BE,Laupenau. Exposition: W; Hauptvegetation: Halbtrockenrasen mit Fettzeigern und Saumarten; Verbuschung: 0 - 3 %; Hauptnutzung: Mähwiese oder Mähweide.,478,2584692,1197087,5,A,,,2005,5,13,,BAFU / OFEV / UFAM (TWW - PPS),Styner Eva,480134,LC,K,,,,,,,,LC,,,,,Poaceae,,INN,,
infoflora:429400,Gefässpflanzen,Wiesen-Goldhafer,Trisetum flavescens (L.) P. Beauv.,www.infoflora.ch/flora/1047890,Laupen,BE,Muehleberg,478,2584476,1197625,5,A,,,2018,6,7,,"Info Flora, Daniel Slodowicz",Kurtogullari Yasemin,12450569,LC,K,,,,,,,,LC,,,,,Poaceae,,INN,,
infoflora:429400,Gefässpflanzen,Wiesen-Goldhafer,Trisetum flavescens (L.) P. Beauv.,www.infoflora.ch/flora/1047890,Laupen,BE,Muehleberg,478,2584476,1197625,5,A,,,2018,6,7,,"Info Flora, Daniel Slodowicz",Kurtogullari Yasemin,12450570,LC,K,,,,,,,,LC,,,,,Poaceae,,INN,,
infoflora:429400,Gefässpflanzen,Wiesen-Goldhafer,Trisetum flavescens (L.) P. Beauv.,www.infoflora.ch/flora/1047890,Laupen,BE,Muehleberg,478,2584476,1197625,5,A,,,2018,6,7,,"Info Flora, Daniel Slodowicz",Kurtogullari Yasemin,12450571,LC,K,,,,,,,,LC,,,,,Poaceae,,INN,,
infoflora:429400,Gefässpflanzen,Wiesen-Goldhafer,Trisetum flavescens (L.) P. Beauv.,www.infoflora.ch/flora/1047890,Laupen,BE,Muehleberg,478,2584476,1197625,5,A,,,2018,6,7,,"Info Flora, Daniel Slodowicz",Kurtogullari Yasemin,12450572,LC,K,,,,,,,,LC,,,,,Poaceae,,INN,,
infoflora:429400,Gefässpflanzen,Wiesen-Goldhafer,Trisetum flavescens (L.) P. Beauv.,www.infoflora.ch/flora/1047890,Laupen,BE,Muehleberg,478,2584476,1197625,5,A,,,2018,6,7,,"Info Flora, Daniel Slodowicz",Kurtogullari Yasemin,12450568,LC,K,,,,,,,,LC,,,,,Poaceae,,INN,,
infoflora:432800,Gefässpflanzen,Berg-Ulme,Ulmus glabra Huds.,www.infoflora.ch/flora/1048310,Mühleberg,BE,"Saane, Laupenau",480,2584850,1197010,50,A,,,1996,,,,Université de Neuchâtel,Roulier Christian,1570823,LC,K,,,,,,,,LC,,,,,Ulmaceae,,INN,,
infoflora:432800,Gefässpflanzen,Berg-Ulme,Ulmus glabra Huds.,www.infoflora.ch/flora/1048310,Mühleberg,BE,"Saane, Laupenau",480,2584850,1197010,50,A,,,1996,,,,Université de Neuchâtel,Roulier Christian,1564218,LC,K,,,,,,,,LC,,,,,Ulmaceae,,INN,,
infoflora:432800,Gefässpflanzen,Berg-Ulme,Ulmus glabra Huds.,www.infoflora.ch/flora/1048310,Mühleberg,BE,"Saane, Laupenau",480,2584850,1197010,50,A,,,1996,,,,Université de Neuchâtel,Roulier Christian,1564217,LC,K,,,,,,,,LC,,,,,Ulmaceae,,INN,,
infoflora:433400,Gefässpflanzen,Grosse Brennnessel,Urtica dioica L.,www.infoflora.ch/flora/1048360,Mühleberg,BE,"Saane, Laupenau",480,2584850,1197010,50,A,,,1996,,,,Université de Neuchâtel,Roulier Christian,1606599,LC,K,,,,,,,,LC,,,,,Urticaceae,,INN,,
infoflora:433400,Gefässpflanzen,Grosse Brennnessel,Urtica dioica L.,www.infoflora.ch/flora/1048360,Mühleberg,BE,"Saane, Laupenau",480,2584850,1197010,50,A,,,1996,,,,Université de Neuchâtel,Roulier Christian,1600345,LC,K,,,,,,,,LC,,,,,Urticaceae,,INN,,
infoflora:433400,Gefässpflanzen,Grosse Brennnessel,Urtica dioica L.,www.infoflora.ch/flora/1048360,Gurmels,FR,,524-525,2583481,1197377,4,A,,,2021,2,28,,"Info Flora, Adrian Möhl",Möhl Adrian,10054957,LC,K,,,,,,,,LC,,,,,Urticaceae,,INN,,
infoflora:433400,Gefässpflanzen,Grosse Brennnessel,Urtica dioica L.,www.infoflora.ch/flora/1048360,Gurmels,FR,,531-531,2584096,1197997,4,A,,,2021,2,28,,"Info Flora, Adrian Möhl",Möhl Adrian,10054976,LC,K,,,,,,,,LC,,,,,Urticaceae,,INN,,
infoflora:440800,Gefässpflanzen,Feld-Ehrenpreis,Veronica arvensis L.,www.infoflora.ch/flora/1049160,Laupen,BE,Muehleberg,478,2584476,1197625,5,A,,,2018,6,7,,"Info Flora, Daniel Slodowicz",Kurtogullari Yasemin,12450747,LC,K,L,,,,,,,LC,,,,,Plantaginaceae,,INN,,
infoflora:440800,Gefässpflanzen,Feld-Ehrenpreis,Veronica arvensis L.,www.infoflora.ch/flora/1049160,Laupen,BE,Muehleberg,478,2584476,1197625,5,A,,,2018,6,7,,"Info Flora, Daniel Slodowicz",Kurtogullari Yasemin,12450748,LC,K,L,,,,,,,LC,,,,,Plantaginaceae,,INN,,
infoflora:440800,Gefässpflanzen,Feld-Ehrenpreis,Veronica arvensis L.,www.infoflora.ch/flora/1049160,Laupen,BE,Muehleberg,478,2584476,1197625,5,A,,,2018,6,7,,"Info Flora, Daniel Slodowicz",Kurtogullari Yasemin,12450749,LC,K,L,,,,,,,LC,,,,,Plantaginaceae,,INN,,
infoflora:440800,Gefässpflanzen,Feld-Ehrenpreis,Veronica arvensis L.,www.infoflora.ch/flora/1049160,Laupen,BE,Muehleberg,478,2584476,1197625,5,A,,,2018,6,7,,"Info Flora, Daniel Slodowicz",Kurtogullari Yasemin,12450746,LC,K,L,,,,,,,LC,,,,,Plantaginaceae,,INN,,
infoflora:441000,Gefässpflanzen,Bachbungen-Ehrenpreis,Veronica beccabunga L.,www.infoflora.ch/flora/1049180,Mühleberg,BE,"Saane, Laupenau",480,2584820,1197270,50,A,,,1996,,,,Université de Neuchâtel,Roulier Christian,1600405,LC,K,L,,,,,,,LC,,,,,Plantaginaceae,,INN,,
infoflora:441000,Gefässpflanzen,Bachbungen-Ehrenpreis,Veronica beccabunga L.,www.infoflora.ch/flora/1049180,Mühleberg,BE,,479-480,2584854,1197212,14,A,,,2020,11,22,,"Info Flora, Michael Jutzi",Jutzi Michael,9924135,LC,K,L,,,,,,,LC,,,,,Plantaginaceae,,INN,,
infoflora:441400,Gefässpflanzen,Gamander-Ehrenpreis,Veronica chamaedrys L.,www.infoflora.ch/flora/1049210,Laupen,BE,Laupenau. Exposition: W; Hauptvegetation: Halbtrockenrasen mit Fettzeigern und Saumarten; Verbuschung: 0 - 3 %; Hauptnutzung: Mähwiese oder Mähweide.,478,2584692,1197087,5,A,,,2005,5,13,,BAFU / OFEV / UFAM (TWW - PPS),Styner Eva,480117,LC,K,,,,,,,,LC,,,,,Plantaginaceae,,INN,,
infoflora:442300,Gefässpflanzen,Berg-Ehrenpreis,Veronica montana L.,www.infoflora.ch/flora/1049330,Mühleberg,BE,"Saane, Laupenau",480,2584850,1197010,50,A,,,1996,,,,Université de Neuchâtel,Roulier Christian,1606610,LC,K,,,,,,,,LC,,,,,Plantaginaceae,,INN,,
infoflora:443395,Gefässpflanzen,Thymian-Ehrenpreis,Veronica serpyllifolia L.,www.infoflora.ch/flora/1049460,Laupen,BE,Muehleberg,478,2584476,1197625,5,A,,,2018,6,7,,"Info Flora, Daniel Slodowicz",Kurtogullari Yasemin,12451048,LC,K,,,,,,,,LC,,,,,Plantaginaceae,,INN,,
infoflora:444300,Gefässpflanzen,Wolliger Schneeball,Viburnum lantana L.,www.infoflora.ch/flora/1049540,Gurmels,FR,,530-531,2584098,1198011,4,A,,,2020,3,19,,"Info Flora, Adrian Möhl",Möhl Adrian,8778569,LC,K,L,,,,,,,LC,,,,,Adoxaceae,,INN,,
infoflora:444300,Gefässpflanzen,Wolliger Schneeball,Viburnum lantana L.,www.infoflora.ch/flora/1049540,Gurmels,FR,,527,2584110,1198055,4,A,,,2021,1,10,,"Info Flora, Adrian Möhl",Möhl Adrian,10026960,LC,K,L,,,,,,,LC,,,,,Adoxaceae,,INN,,
infoflora:444400,Gefässpflanzen,Gemeiner Schneeball,Viburnum opulus L.,www.infoflora.ch/flora/1049550,Mühleberg,BE,"Saane, Laupenau",480,2584850,1197010,50,A,,,1996,,,,Université de Neuchâtel,Roulier Christian,1600349,LC,K,L,,,,,,,LC,,,,,Adoxaceae,,INN,,
infoflora:446995,Gefässpflanzen,Futter-Wicke,Vicia sativa L.,www.infoflora.ch/flora/1049820,Laupen,BE,Laupenau. Exposition: W; Hauptvegetation: Halbtrockenrasen mit Fettzeigern und Saumarten; Verbuschung: 0 - 3 %; Hauptnutzung: Mähwiese oder Mähweide.,478,2584692,1197087,5,A,,,2005,5,13,,BAFU / OFEV / UFAM (TWW - PPS),Styner Eva,480097,LC,K,,,,,,,,LC,,,,,Fabaceae,,INN,,
infoflora:446995,Gefässpflanzen,Futter-Wicke,Vicia sativa L.,www.infoflora.ch/flora/1049820,Laupen,BE,Muehleberg,478,2584476,1197625,5,A,,,2018,6,7,,"Info Flora, Daniel Slodowicz",Kurtogullari Yasemin,12451144,LC,K,,,,,,,,LC,,,,,Fabaceae,,INN,,
infoflora:446995,Gefässpflanzen,Futter-Wicke,Vicia sativa L.,www.infoflora.ch/flora/1049820,Laupen,BE,Muehleberg,478,2584476,1197625,5,A,,,2018,6,7,,"Info Flora, Daniel Slodowicz",Kurtogullari Yasemin,12451145,LC,K,,,,,,,,LC,,,,,Fabaceae,,INN,,
infoflora:452700,Gefässpflanzen,Laubholz-Mistel,Viscum album L. subsp. album,www.infoflora.ch/flora/1050390,Ferenbalm,BE,,,2583500,1196500,707,B,,,2015,6,25,,"Info Flora, Sandra Reinhard",Reinhard Sandra,4650792,LC,K,,,,,,,,LC,,,,,Santalaceae,,INN,,