Taxon ID,Gruppe,Trivialname,Taxon,Link zum Taxon,Gemeinde(n),Kanton(e),Fundort,Höhe,Koordx,Koordy,Radius,Räumliche Zusammenfassung,Anzahl,n Nachweise,Jahr,Monat,Tag,Fortpflanzungsnachweis,Herkunft,"Beobachter/in, Sammler/in",ID Beobachtung,Rote Liste,Priorität CH,UZL,WZL,Massnahmebedarf,Monitoring-Bedarf,NHV,SMARAGD,infoflora: Kantonaler Schutzstatus,infoflora: Rote Liste regional,Habitat,Substrat,swisslichens: Ecotyp,Ordnung,Familie,swissfungi: funktionelle Gruppe,Indigenat CH,Standortfremd,Einführung
infoflora:101800,Gefässpflanzen,Weisses Waldvögelein,Cephalanthera damasonium (Mill.) Druce,www.infoflora.ch/flora/1011190,Hellikon,AG,,,"2635500","1261500","707",B,1 bis 10,,"2020","5","20",,AGEO Einheimische Orchideen Schweiz,Buchecker Kurt,"10749596",LC,K,,,,,451.1/2,,Vollständig geschützt,LC,,,,,Orchidaceae,,INN,,
infoflora:270100,Gefässpflanzen,Nestwurz,Neottia nidus-avis (L.) Rich.,www.infoflora.ch/flora/1030140,Hellikon,AG,,,"2635500","1260500","707",B,1–10 / 1 Ex.,,"1993","5","27",,AGEO Einheimische Orchideen Schweiz,Kurz Albert,"1164399",LC,K,,,,,451.1/2,,Vollständig geschützt,LC,,,,,Orchidaceae,,INN,,
infoflora:270100,Gefässpflanzen,Nestwurz,Neottia nidus-avis (L.) Rich.,www.infoflora.ch/flora/1030140,Hellikon,AG,,,"2635500","1261500","707",B,1 bis 10,,"2020","5","20",,AGEO Einheimische Orchideen Schweiz,Buchecker Kurt,"10749597",LC,K,,,,,451.1/2,,Vollständig geschützt,LC,,,,,Orchidaceae,,INN,,
infoflora:277950,Gefässpflanzen,Bienen-Ragwurz,Ophrys apifera Huds.,www.infoflora.ch/flora/1031070,Hellikon,AG,,550-553,"2635774","1261160","3",A,,,"2019","6","16",,"Info Flora, Claudia Schaub",Schaub Claudia,"8118458",VU,"4",Z*,,"1","1",451.1/2,,Vollständig geschützt,VU,,,,,Orchidaceae,,INN,,
infoflora:440200,Gefässpflanzen,Acker-Ehrenpreis,Veronica agrestis L.,www.infoflora.ch/flora/1049100,Hellikon,AG,,,"2636500","1261500","707",B,,,"2006","5","3",,Kanton Aargau,Kradolfer Ursula,"7262883",LC,K,L,,,,,,,VU,,,,,Plantaginaceae,,INN,,
infoflora:440200,Gefässpflanzen,Acker-Ehrenpreis,Veronica agrestis L.,www.infoflora.ch/flora/1049100,Hellikon,AG,,,"2636500","1261500","707",B,,,"2011","4","26",,Kanton Aargau,Kradolfer Ursula,"7268023",LC,K,L,,,,,,,VU,,,,,Plantaginaceae,,INN,,
infoflora:29600,Gefässpflanzen,Spitzorchis,Anacamptis pyramidalis (L.) Rich.,www.infoflora.ch/flora/1003350,Wegenstetten,AG,,,"2635500","1260500","707",B,1–10 /  1 Ex.,,"1988","7","1",,AGEO Einheimische Orchideen Schweiz,Schnyder Gaston,"1158833",NT,K,L,,,,451.1/2,,Vollständig geschützt,NT,,,,,Orchidaceae,,INN,,
infoflora:29600,Gefässpflanzen,Spitzorchis,Anacamptis pyramidalis (L.) Rich.,www.infoflora.ch/flora/1003350,Wegenstetten,AG,,,"2635500","1260500","707",B,1 bis 10,,"2000","6","15",,AGEO Einheimische Orchideen Schweiz,Lüssi Walter,"4346829",NT,K,L,,,,451.1/2,,Vollständig geschützt,NT,,,,,Orchidaceae,,INN,,
infoflora:29600,Gefässpflanzen,Spitzorchis,Anacamptis pyramidalis (L.) Rich.,www.infoflora.ch/flora/1003350,Wegenstetten,AG,,,"2635500","1260500","707",B,1–10 / 1 bis 10,,"2003","6","8",,AGEO Einheimische Orchideen Schweiz,Blattner Peter,"1158834",NT,K,L,,,,451.1/2,,Vollständig geschützt,NT,,,,,Orchidaceae,,INN,,
infoflora:36790,Gefässpflanzen,Echter Wundklee,Anthyllis vulneraria L.,www.infoflora.ch/flora/1004070,Wegenstetten,AG,"Aerfematt / Buechmatt. Exposition: SE; Hauptvegetation: Halbtrockenrasen mit Fettzeigern; Verbuschung: 0 - 3 %; Hauptnutzung: Mähwiese oder Mähweide.",525-569,"2635423","1260080","180",A,,,"1998","6","8",,BAFU / OFEV / UFAM (TWW - PPS),Martin Monika,"440809",LC,K,L*,,,,,,Vollständig geschützt,LC,,,,,Fabaceae,,INN,,
infoflora:101800,Gefässpflanzen,Weisses Waldvögelein,Cephalanthera damasonium (Mill.) Druce,www.infoflora.ch/flora/1011190,Wegenstetten,AG,,,"2635500","1260500","707",B,1–10 / 1 bis 10,,"2003","5","11",,AGEO Einheimische Orchideen Schweiz,Blattner Peter,"1214638",LC,K,,,,,451.1/2,,Vollständig geschützt,LC,,,,,Orchidaceae,,INN,,
infoflora:101800,Gefässpflanzen,Weisses Waldvögelein,Cephalanthera damasonium (Mill.) Druce,www.infoflora.ch/flora/1011190,Wegenstetten,AG,,,"2635500","1260500","707",B,1 bis 10,,"2019","7","10",,AGEO Einheimische Orchideen Schweiz,Schmidlin Marc,"9851467",LC,K,,,,,451.1/2,,Vollständig geschützt,LC,,,,,Orchidaceae,,INN,,
infoflora:101800,Gefässpflanzen,Weisses Waldvögelein,Cephalanthera damasonium (Mill.) Druce,www.infoflora.ch/flora/1011190,Wegenstetten,AG,,,"2635500","1260500","707",B,1 bis 10,,"2019","7","10",,AGEO Einheimische Orchideen Schweiz,Schmidlin Marc,"9851459",LC,K,,,,,451.1/2,,Vollständig geschützt,LC,,,,,Orchidaceae,,INN,,
infoflora:113700,Gefässpflanzen,Stängellose Kratzdistel,Cirsium acaule Scop.,www.infoflora.ch/flora/1012300,Wegenstetten,AG,"Aerfematt / Buechmatt. Exposition: SE; Hauptvegetation: Halbtrockenrasen mit Fettzeigern; Verbuschung: 0 - 3 %; Hauptnutzung: Mähwiese oder Mähweide.",525-569,"2635423","1260080","180",A,,,"1998","6","8",,BAFU / OFEV / UFAM (TWW - PPS),Martin Monika,"440812",LC,K,L,,,,,,Vollständig geschützt,LC,,,,,Asteraceae,,INN,,
infoflora:132630,Gefässpflanzen,Fuchs' Gefleckte Fingerwurz,Dactylorhiza maculata subsp. fuchsii (Druce) Hyl.,www.infoflora.ch/flora/1014775,Wegenstetten,AG,,,"2635500","1260500","707",B,1–10 / 1 bis 10,,"1988","7","1",,AGEO Einheimische Orchideen Schweiz,Schnyder Gaston,"1174185",LC,,,,,,451.1/2,,Vollständig geschützt,LC,,,,,Orchidaceae,,INN,,
infoflora:150150,Gefässpflanzen,Müllers Breitblättrige Stendelwurz,Epipactis muelleri Godfery,www.infoflora.ch/flora/1016830,Wegenstetten,AG,,,"2635500","1260500","707",B,1–10 / 1 bis 10,,"1990","7","11",,AGEO Einheimische Orchideen Schweiz,Schnyder Gaston,"1160059",NT,K,,,,,451.1/2,,Vollständig geschützt,NT,,,,,Orchidaceae,,INN,,
infoflora:193200,Gefässpflanzen,Langspornige Handwurz,Gymnadenia conopsea (L.) R. Br.,www.infoflora.ch/flora/1021950,Wegenstetten,AG,,,"2635500","1260500","707",B,11–25 / 11 bis 100,,"1988","7","1",,AGEO Einheimische Orchideen Schweiz,Schnyder Gaston,"1167421",LC,K,L,,,,451.1/2,,Vollständig geschützt,LC,,,,,Orchidaceae,,INN,,
infoflora:193200,Gefässpflanzen,Langspornige Handwurz,Gymnadenia conopsea (L.) R. Br.,www.infoflora.ch/flora/1021950,Wegenstetten,AG,"Aerfematt / Buechmatt. Exposition: SE; Hauptvegetation: Halbtrockenrasen mit Fettzeigern; Verbuschung: 0 - 3 %; Hauptnutzung: Mähwiese oder Mähweide.",525-569,"2635423","1260080","180",A,,,"1998","6","8",,BAFU / OFEV / UFAM (TWW - PPS),Martin Monika,"440814",LC,K,L,,,,451.1/2,,Vollständig geschützt,LC,,,,,Orchidaceae,,INN,,
infoflora:193200,Gefässpflanzen,Langspornige Handwurz,Gymnadenia conopsea (L.) R. Br.,www.infoflora.ch/flora/1021950,Wegenstetten,AG,,,"2635500","1260500","707",B,11 bis 100,,"2000","6","15",,AGEO Einheimische Orchideen Schweiz,Lüssi Walter,"4346828",LC,K,L,,,,451.1/2,,Vollständig geschützt,LC,,,,,Orchidaceae,,INN,,
infoflora:193200,Gefässpflanzen,Langspornige Handwurz,Gymnadenia conopsea (L.) R. Br.,www.infoflora.ch/flora/1021950,Wegenstetten,AG,,,"2635500","1260500","707",B,11–25 / 11 bis 100,,"2003","6","8",,AGEO Einheimische Orchideen Schweiz,Blattner Peter,"1167420",LC,K,L,,,,451.1/2,,Vollständig geschützt,LC,,,,,Orchidaceae,,INN,,
infoflora:193200,Gefässpflanzen,Langspornige Handwurz,Gymnadenia conopsea (L.) R. Br.,www.infoflora.ch/flora/1021950,Wegenstetten,AG,,,"2635500","1260500","707",B,1 bis 10,,"2019","7","10",,AGEO Einheimische Orchideen Schweiz,Schmidlin Marc,"9851464",LC,K,L,,,,451.1/2,,Vollständig geschützt,LC,,,,,Orchidaceae,,INN,,
infoflora:242000,Gefässpflanzen,Grosses Zweiblatt,Listera ovata (L.) R. Br.,www.infoflora.ch/flora/1027220,Wegenstetten,AG,,,"2635500","1260500","707",B,11–25 / 11 bis 100,,"1988","7","1",,AGEO Einheimische Orchideen Schweiz,Schnyder Gaston,"1166846",LC,K,L,,,,451.1/2,,Vollständig geschützt,LC,,,,,Orchidaceae,,INN,,
infoflora:242000,Gefässpflanzen,Grosses Zweiblatt,Listera ovata (L.) R. Br.,www.infoflora.ch/flora/1027220,Wegenstetten,AG,,,"2635500","1260500","707",B,11–25 / 11 bis 100,,"1993","5","27",,AGEO Einheimische Orchideen Schweiz,Kurz Albert,"1164400",LC,K,L,,,,451.1/2,,Vollständig geschützt,LC,,,,,Orchidaceae,,INN,,
infoflora:242000,Gefässpflanzen,Grosses Zweiblatt,Listera ovata (L.) R. Br.,www.infoflora.ch/flora/1027220,Wegenstetten,AG,,,"2635500","1260500","707",B,101 bis 1000,,"2000","5","10",,AGEO Einheimische Orchideen Schweiz,Lüssi Walter,"4346824",LC,K,L,,,,451.1/2,,Vollständig geschützt,LC,,,,,Orchidaceae,,INN,,
infoflora:242000,Gefässpflanzen,Grosses Zweiblatt,Listera ovata (L.) R. Br.,www.infoflora.ch/flora/1027220,Wegenstetten,AG,,,"2635500","1260500","707",B,11–25 / 11 bis 100,,"2003","5","11",,AGEO Einheimische Orchideen Schweiz,Blattner Peter,"1164401",LC,K,L,,,,451.1/2,,Vollständig geschützt,LC,,,,,Orchidaceae,,INN,,
infoflora:242000,Gefässpflanzen,Grosses Zweiblatt,Listera ovata (L.) R. Br.,www.infoflora.ch/flora/1027220,Wegenstetten,AG,,,"2635500","1260500","707",B,11 bis 100,,"2014","4","13",,AGEO Einheimische Orchideen Schweiz,Schmidlin Marc,"4630645",LC,K,L,,,,451.1/2,,Vollständig geschützt,LC,,,,,Orchidaceae,,INN,,
infoflora:242000,Gefässpflanzen,Grosses Zweiblatt,Listera ovata (L.) R. Br.,www.infoflora.ch/flora/1027220,Wegenstetten,AG,,,"2635500","1260500","707",B,1 bis 10,,"2014","4","13",,AGEO Einheimische Orchideen Schweiz,Schmidlin Marc,"4630643",LC,K,L,,,,451.1/2,,Vollständig geschützt,LC,,,,,Orchidaceae,,INN,,
infoflora:270100,Gefässpflanzen,Nestwurz,Neottia nidus-avis (L.) Rich.,www.infoflora.ch/flora/1030140,Wegenstetten,AG,,,"2635500","1260500","707",B,1–10 / 1 bis 10,,"2000","5","10",,AGEO Einheimische Orchideen Schweiz,Lüssi Walter,"1166845",LC,K,,,,,451.1/2,,Vollständig geschützt,LC,,,,,Orchidaceae,,INN,,
infoflora:280950,Gefässpflanzen,Männliches Knabenkraut,Orchis mascula (L.) L. subsp. mascula,www.infoflora.ch/flora/1031360,Wegenstetten,AG,,,"2635500","1260500","707",B,11–25 / 11 bis 100,,"1988","5","30",,AGEO Einheimische Orchideen Schweiz,Schnyder Gaston,"1167114",,,,,,,451.1/2,,Vollständig geschützt,,,,,,Orchidaceae,,INN,,
infoflora:280950,Gefässpflanzen,Männliches Knabenkraut,Orchis mascula (L.) L. subsp. mascula,www.infoflora.ch/flora/1031360,Wegenstetten,AG,,,"2635500","1260500","707",B,1 bis 10,,"2000","5","10",,AGEO Einheimische Orchideen Schweiz,Lüssi Walter,"4346826",,,,,,,451.1/2,,Vollständig geschützt,,,,,,Orchidaceae,,INN,,
infoflora:280950,Gefässpflanzen,Männliches Knabenkraut,Orchis mascula (L.) L. subsp. mascula,www.infoflora.ch/flora/1031360,Wegenstetten,AG,,,"2635500","1260500","707",B,1–10 / 1 bis 10,,"2003","5","11",,AGEO Einheimische Orchideen Schweiz,Blattner Peter,"1164402",,,,,,,451.1/2,,Vollständig geschützt,,,,,,Orchidaceae,,INN,,
infoflora:280950,Gefässpflanzen,Männliches Knabenkraut,Orchis mascula (L.) L. subsp. mascula,www.infoflora.ch/flora/1031360,Wegenstetten,AG,,,"2635500","1260500","707",B,1 bis 10,,"2014","4","13",,AGEO Einheimische Orchideen Schweiz,Schmidlin Marc,"4630646",,,,,,,451.1/2,,Vollständig geschützt,,,,,,Orchidaceae,,INN,,
infoflora:281000,Gefässpflanzen,Helm-Knabenkraut,Orchis militaris L.,www.infoflora.ch/flora/1031380,Wegenstetten,AG,,,"2635500","1260500","707",B,11–25 / 11 bis 100,,"1988","5","30",,AGEO Einheimische Orchideen Schweiz,Schnyder Gaston,"1165181",NT,K,L,,,,451.1/2,,Vollständig geschützt,NT,,,,,Orchidaceae,,INN,,
infoflora:281000,Gefässpflanzen,Helm-Knabenkraut,Orchis militaris L.,www.infoflora.ch/flora/1031380,Wegenstetten,AG,,,"2635500","1260500","707",B,1 bis 10,,"2000","5","10",,AGEO Einheimische Orchideen Schweiz,Lüssi Walter,"4346827",NT,K,L,,,,451.1/2,,Vollständig geschützt,NT,,,,,Orchidaceae,,INN,,
infoflora:281000,Gefässpflanzen,Helm-Knabenkraut,Orchis militaris L.,www.infoflora.ch/flora/1031380,Wegenstetten,AG,,,"2635500","1260500","707",B,1–10 / 1 bis 10,,"2003","5","11",,AGEO Einheimische Orchideen Schweiz,Blattner Peter,"1165182",NT,K,L,,,,451.1/2,,Vollständig geschützt,NT,,,,,Orchidaceae,,INN,,
infoflora:281000,Gefässpflanzen,Helm-Knabenkraut,Orchis militaris L.,www.infoflora.ch/flora/1031380,Wegenstetten,AG,,,"2635500","1260500","707",B,1 bis 10,,"2014","4","13",,AGEO Einheimische Orchideen Schweiz,Schmidlin Marc,"4630644",NT,K,L,,,,451.1/2,,Vollständig geschützt,NT,,,,,Orchidaceae,,INN,,
infoflora:281100,Gefässpflanzen,Kleines Knabenkraut,Orchis morio L.,www.infoflora.ch/flora/1031390,Wegenstetten,AG,,,"2635500","1260500","707",B,1 bis 10,,"2014","4","13",,AGEO Einheimische Orchideen Schweiz,Schmidlin Marc,"4630642",VU,"4",L,,"1","1",451.1/2,,Vollständig geschützt,VU,,,,,Orchidaceae,,INN,,
,Gefässpflanzen,,Orchis ustulata var. aestivalis Kümpel,www.infoflora.ch/flora/1031527,Wegenstetten,AG,,,"2635500","1260500","707",B,1–10 / 1 bis 10,,"1990","7","11",,AGEO Einheimische Orchideen Schweiz,Schnyder Gaston,"1162785",,,,,,,451.1/2,,,,,,,,Orchidaceae,,OTH,,
infoflora:308400,Gefässpflanzen,Weisses Breitkölbchen,Platanthera bifolia (L.) Rich.,www.infoflora.ch/flora/1034420,Wegenstetten,AG,"Aerfematt / Buechmatt. Exposition: SE; Hauptvegetation: Halbtrockenrasen mit Fettzeigern; Verbuschung: 0 - 3 %; Hauptnutzung: Mähwiese oder Mähweide.",525-569,"2635423","1260080","180",A,,,"1998","6","8",,BAFU / OFEV / UFAM (TWW - PPS),Martin Monika,"440821",LC,K,,,,,451.1/2,,Vollständig geschützt,LC,,,,,Orchidaceae,,INN,,
infoflora:308500,Gefässpflanzen,Grünliches Breitkölbchen,Platanthera chlorantha (Custer) Rchb.,www.infoflora.ch/flora/1034430,Wegenstetten,AG,,,"2635500","1260500","707",B,11–25 / 11 bis 100,,"1988","7","1",,AGEO Einheimische Orchideen Schweiz,Schnyder Gaston,"1166779",LC,K,L,,,,451.1/2,,Vollständig geschützt,LC,,,,,Orchidaceae,,INN,,
infoflora:308500,Gefässpflanzen,Grünliches Breitkölbchen,Platanthera chlorantha (Custer) Rchb.,www.infoflora.ch/flora/1034430,Wegenstetten,AG,,,"2635500","1260500","707",B,1 bis 10,,"2000","5","10",,AGEO Einheimische Orchideen Schweiz,Lüssi Walter,"4346825",LC,K,L,,,,451.1/2,,Vollständig geschützt,LC,,,,,Orchidaceae,,INN,,
infoflora:308500,Gefässpflanzen,Grünliches Breitkölbchen,Platanthera chlorantha (Custer) Rchb.,www.infoflora.ch/flora/1034430,Wegenstetten,AG,,,"2635500","1260500","707",B,11–25 / 11 bis 100,,"2003","6","8",,AGEO Einheimische Orchideen Schweiz,Blattner Peter,"1164403",LC,K,L,,,,451.1/2,,Vollständig geschützt,LC,,,,,Orchidaceae,,INN,,
infoflora:308500,Gefässpflanzen,Grünliches Breitkölbchen,Platanthera chlorantha (Custer) Rchb.,www.infoflora.ch/flora/1034430,Wegenstetten,AG,,,"2635500","1260500","707",B,1 bis 10,,"2019","7","10",,AGEO Einheimische Orchideen Schweiz,Schmidlin Marc,"9851466",LC,K,L,,,,451.1/2,,Vollständig geschützt,LC,,,,,Orchidaceae,,INN,,
infoflora:1700,Gefässpflanzen,Gewöhnliche Wiesen-Schafgarbe,Achillea millefolium L.,www.infoflora.ch/flora/1000330,Wegenstetten,AG,"Aerfematt / Buechmatt. Exposition: SE; Hauptvegetation: Halbtrockenrasen mit Fettzeigern; Verbuschung: 0 - 3 %; Hauptnutzung: Mähwiese oder Mähweide.",540-545,"2635563","1260172","5",A,,,"1998","6","8",,BAFU / OFEV / UFAM (TWW - PPS),Martin Monika,"440793",LC,K,,,,,,,,LC,,,,,Asteraceae,,INN,,
infoflora:9300,Gefässpflanzen,Kriechendes Straussgras,Agrostis stolonifera L.,www.infoflora.ch/flora/1001130,Hellikon,AG,,,"2636500","1261500","707",B,,,"2016","8","6",,Kanton Aargau,Knecht Matthias,"7296364",LC,K,,,,,,,,LC,,,,,Poaceae,,INN,,
infoflora:9300,Gefässpflanzen,Kriechendes Straussgras,Agrostis stolonifera L.,www.infoflora.ch/flora/1001130,Hellikon,AG,,,"2636500","1261500","707",B,,,"2016","4","21",,Kanton Aargau,Knecht Matthias,"7273223",LC,K,,,,,,,,LC,,,,,Poaceae,,INN,,
infoflora:10400,Gefässpflanzen,Kriechender Günsel,Ajuga reptans L.,www.infoflora.ch/flora/1001230,Wegenstetten,AG,"Aerfematt / Buechmatt. Exposition: SE; Hauptvegetation: Halbtrockenrasen mit Fettzeigern; Verbuschung: 0 - 3 %; Hauptnutzung: Mähwiese oder Mähweide.",540-545,"2635563","1260172","5",A,,,"1998","6","8",,BAFU / OFEV / UFAM (TWW - PPS),Martin Monika,"440797",LC,K,,,,,,,,LC,,,,,Lamiaceae,,INN,,
infoflora:26000,Gefässpflanzen,Wiesen-Fuchsschwanz,Alopecurus pratensis L.,www.infoflora.ch/flora/1002920,Hellikon,AG,,,"2636500","1261500","707",B,,,"2006","5","3",,Kanton Aargau,Kradolfer Ursula,"7262862",LC,K,,,,,,,,LC,,,,,Poaceae,,INN,,
infoflora:26000,Gefässpflanzen,Wiesen-Fuchsschwanz,Alopecurus pratensis L.,www.infoflora.ch/flora/1002920,Hellikon,AG,,,"2636500","1261500","707",B,,,"2011","4","26",,Kanton Aargau,Kradolfer Ursula,"7267997",LC,K,,,,,,,,LC,,,,,Poaceae,,INN,,
infoflora:26000,Gefässpflanzen,Wiesen-Fuchsschwanz,Alopecurus pratensis L.,www.infoflora.ch/flora/1002920,Hellikon,AG,,,"2636500","1261500","707",B,,,"2016","4","21",,Kanton Aargau,Knecht Matthias,"7273224",LC,K,,,,,,,,LC,,,,,Poaceae,,INN,,
infoflora:26000,Gefässpflanzen,Wiesen-Fuchsschwanz,Alopecurus pratensis L.,www.infoflora.ch/flora/1002920,Hellikon,AG,,,"2636500","1261500","707",B,,,"2016","8","6",,Kanton Aargau,Knecht Matthias,"7296365",LC,K,,,,,,,,LC,,,,,Poaceae,,INN,,
infoflora:28900,Gefässpflanzen,Zurückgekrümmter Amarant,Amaranthus retroflexus L.,www.infoflora.ch/flora/1003220,Hellikon,AG,,,"2636500","1261500","707",B,,,"2000","8","2",,Kanton Aargau,Kradolfer Ursula,"7282769",,,,,,,,,,,,,,,Amaranthaceae,,NEO,"1",
infoflora:35500,Gefässpflanzen,Duftendes Ruchgras,Anthoxanthum odoratum aggr.,www.infoflora.ch/flora/1003960,Wegenstetten,AG,"Aerfematt / Buechmatt. Exposition: SE; Hauptvegetation: Halbtrockenrasen mit Fettzeigern; Verbuschung: 0 - 3 %; Hauptnutzung: Mähwiese oder Mähweide.",540-545,"2635563","1260172","5",A,,,"1998","6","8",,BAFU / OFEV / UFAM (TWW - PPS),Martin Monika,"440792",LC,K,,,,,,,,LC,,,,,Poaceae,,INN,,
infoflora:35500,Gefässpflanzen,Duftendes Ruchgras,Anthoxanthum odoratum aggr.,www.infoflora.ch/flora/1003960,Hellikon,AG,,,"2636500","1261500","707",B,,,"2006","5","3",,Kanton Aargau,Kradolfer Ursula,"7262863",LC,K,,,,,,,,LC,,,,,Poaceae,,INN,,
infoflora:35500,Gefässpflanzen,Duftendes Ruchgras,Anthoxanthum odoratum aggr.,www.infoflora.ch/flora/1003960,Hellikon,AG,,,"2636500","1261500","707",B,,,"2011","4","26",,Kanton Aargau,Kradolfer Ursula,"7267998",LC,K,,,,,,,,LC,,,,,Poaceae,,INN,,
infoflora:35500,Gefässpflanzen,Duftendes Ruchgras,Anthoxanthum odoratum aggr.,www.infoflora.ch/flora/1003960,Hellikon,AG,,,"2636500","1261500","707",B,,,"2016","8","6",,Kanton Aargau,Knecht Matthias,"7296366",LC,K,,,,,,,,LC,,,,,Poaceae,,INN,,
infoflora:35500,Gefässpflanzen,Duftendes Ruchgras,Anthoxanthum odoratum aggr.,www.infoflora.ch/flora/1003960,Hellikon,AG,,,"2636500","1261500","707",B,,,"2016","4","21",,Kanton Aargau,Knecht Matthias,"7273225",LC,K,,,,,,,,LC,,,,,Poaceae,,INN,,
infoflora:45900,Gefässpflanzen,Französisches Raygras,Arrhenatherum elatius (L.) J. Presl & C. Presl,www.infoflora.ch/flora/1004930,Wegenstetten,AG,"Aerfematt / Buechmatt. Exposition: SE; Hauptvegetation: Halbtrockenrasen mit Fettzeigern; Verbuschung: 0 - 3 %; Hauptnutzung: Mähwiese oder Mähweide.",540-545,"2635563","1260172","5",A,,,"1998","6","8",,BAFU / OFEV / UFAM (TWW - PPS),Martin Monika,"440790",LC,K,,,,,,,,LC,,,,,Poaceae,,INN,,
infoflora:45900,Gefässpflanzen,Französisches Raygras,Arrhenatherum elatius (L.) J. Presl & C. Presl,www.infoflora.ch/flora/1004930,Hellikon,AG,,,"2636500","1261500","707",B,,,"2006","8","2",,Kanton Aargau,Kradolfer Ursula,"7286152",LC,K,,,,,,,,LC,,,,,Poaceae,,INN,,
infoflora:45900,Gefässpflanzen,Französisches Raygras,Arrhenatherum elatius (L.) J. Presl & C. Presl,www.infoflora.ch/flora/1004930,Hellikon,AG,,,"2636500","1261500","707",B,,,"2016","8","6",,Kanton Aargau,Knecht Matthias,"7296362",LC,K,,,,,,,,LC,,,,,Poaceae,,INN,,
infoflora:64400,Gefässpflanzen,Raps,Brassica napus L.,www.infoflora.ch/flora/1007120,Hellikon,AG,,,"2636500","1261500","707",B,,,"1996","5","24",,Kanton Aargau,Kradolfer Ursula,"7259521",,,,,,,,,,,,,,,Brassicaceae,,NEO,"1",
infoflora:64400,Gefässpflanzen,Raps,Brassica napus L.,www.infoflora.ch/flora/1007120,Hellikon,AG,,,"2636500","1261500","707",B,,,"1996","8","14",,Kanton Aargau,Kradolfer Ursula,"7282768",,,,,,,,,,,,,,,Brassicaceae,,NEO,"1",
infoflora:65200,Gefässpflanzen,Mittleres Zittergras,Briza media L.,www.infoflora.ch/flora/1007200,Wegenstetten,AG,"Aerfematt / Buechmatt. Exposition: SE; Hauptvegetation: Halbtrockenrasen mit Fettzeigern; Verbuschung: 0 - 3 %; Hauptnutzung: Mähwiese oder Mähweide.",540-545,"2635563","1260172","5",A,,,"1998","6","8",,BAFU / OFEV / UFAM (TWW - PPS),Martin Monika,"440787",LC,K,L,,,,,,,LC,,,,,Poaceae,,INN,,
infoflora:65695,Gefässpflanzen,Aufrechte Trespe,Bromus erectus Huds.,www.infoflora.ch/flora/1007290,Hellikon,AG,,,"2636500","1261500","707",B,,,"2016","8","6",,Kanton Aargau,Knecht Matthias,"7296355",LC,K,,,,,,,,LC,,,,,Poaceae,,INN,,
infoflora:65700,Gefässpflanzen,Gewöhnliche Aufrechte Trespe,Bromus erectus Huds. subsp. erectus,www.infoflora.ch/flora/1007300,Wegenstetten,AG,"Aerfematt / Buechmatt. Exposition: SE; Hauptvegetation: Halbtrockenrasen mit Fettzeigern; Verbuschung: 0 - 3 %; Hauptnutzung: Mähwiese oder Mähweide.",540-545,"2635563","1260172","5",A,,,"1998","6","8",,BAFU / OFEV / UFAM (TWW - PPS),Martin Monika,"440788",LC,K,L,,,,,,,LC,,,,,Poaceae,,INN,,
infoflora:66000,Gefässpflanzen,Gersten-Trespe,Bromus hordeaceus L.,www.infoflora.ch/flora/1007330,Hellikon,AG,,,"2636500","1261500","707",B,,,"2006","5","3",,Kanton Aargau,Kradolfer Ursula,"7262864",LC,K,,,,,,,,LC,,,,,Poaceae,,INN,,
infoflora:66000,Gefässpflanzen,Gersten-Trespe,Bromus hordeaceus L.,www.infoflora.ch/flora/1007330,Hellikon,AG,,,"2636500","1261500","707",B,,,"2016","4","21",,Kanton Aargau,Knecht Matthias,"7273216",LC,K,,,,,,,,LC,,,,,Poaceae,,INN,,
infoflora:90300,Gefässpflanzen,Berg-Segge,Carex montana L.,www.infoflora.ch/flora/1010040,Wegenstetten,AG,"Aerfematt / Buechmatt. Exposition: SE; Hauptvegetation: Halbtrockenrasen mit Fettzeigern; Verbuschung: 0 - 3 %; Hauptnutzung: Mähwiese oder Mähweide.",540-545,"2635563","1260172","5",A,,,"1998","6","8",,BAFU / OFEV / UFAM (TWW - PPS),Martin Monika,"440807",LC,K,L,,,,,,,LC,,,,,Cyperaceae,,INN,,
infoflora:96900,Gefässpflanzen,Hagebuche,Carpinus betulus L.,www.infoflora.ch/flora/1010580,Hellikon,AG,,,"2636500","1261500","707",B,,,"2011","4","26",,Kanton Aargau,Kradolfer Ursula,"7267999",LC,K,,,,,,,,LC,,,,,Betulaceae,,INN,,
infoflora:97100,Gefässpflanzen,Kümmel,Carum carvi L.,www.infoflora.ch/flora/1010610,Hellikon,AG,,,"2636500","1261500","707",B,,,"2011","4","26",,Kanton Aargau,Kradolfer Ursula,"7268000",LC,K,,,,,,,,LC,,,,,Apiaceae,,INN,,
infoflora:97100,Gefässpflanzen,Kümmel,Carum carvi L.,www.infoflora.ch/flora/1010610,Hellikon,AG,,,"2636500","1261500","707",B,,,"2016","8","6",,Kanton Aargau,Knecht Matthias,"7296345",LC,K,,,,,,,,LC,,,,,Apiaceae,,INN,,
infoflora:97100,Gefässpflanzen,Kümmel,Carum carvi L.,www.infoflora.ch/flora/1010610,Hellikon,AG,,,"2636500","1261500","707",B,,,"2016","4","21",,Kanton Aargau,Knecht Matthias,"7273202",LC,K,,,,,,,,LC,,,,,Apiaceae,,INN,,
infoflora:98750,Gefässpflanzen,Wiesen-Flockenblume,Centaurea jacea L.,www.infoflora.ch/flora/1010820,Hellikon,AG,,,"2636500","1261500","707",B,,,"2006","5","3",,Kanton Aargau,Kradolfer Ursula,"7262865",LC,K,,,,,,,,LC,,,,,Asteraceae,,INN,,
infoflora:98750,Gefässpflanzen,Wiesen-Flockenblume,Centaurea jacea L.,www.infoflora.ch/flora/1010820,Hellikon,AG,,,"2636500","1261500","707",B,,,"2006","8","2",,Kanton Aargau,Kradolfer Ursula,"7286153",LC,K,,,,,,,,LC,,,,,Asteraceae,,INN,,
infoflora:98750,Gefässpflanzen,Wiesen-Flockenblume,Centaurea jacea L.,www.infoflora.ch/flora/1010820,Hellikon,AG,,,"2636500","1261500","707",B,,,"2011","8","23",,Kanton Aargau,Kradolfer Ursula,"7291215",LC,K,,,,,,,,LC,,,,,Asteraceae,,INN,,
infoflora:98750,Gefässpflanzen,Wiesen-Flockenblume,Centaurea jacea L.,www.infoflora.ch/flora/1010820,Hellikon,AG,,,"2636500","1261500","707",B,,,"2011","4","26",,Kanton Aargau,Kradolfer Ursula,"7268001",LC,K,,,,,,,,LC,,,,,Asteraceae,,INN,,
infoflora:98750,Gefässpflanzen,Wiesen-Flockenblume,Centaurea jacea L.,www.infoflora.ch/flora/1010820,Hellikon,AG,,,"2636500","1261500","707",B,,,"2016","8","6",,Kanton Aargau,Knecht Matthias,"7296351",LC,K,,,,,,,,LC,,,,,Asteraceae,,INN,,
infoflora:98750,Gefässpflanzen,Wiesen-Flockenblume,Centaurea jacea L.,www.infoflora.ch/flora/1010820,Hellikon,AG,,,"2636500","1261500","707",B,,,"2016","4","21",,Kanton Aargau,Knecht Matthias,"7273211",LC,K,,,,,,,,LC,,,,,Asteraceae,,INN,,
infoflora:98800,Gefässpflanzen,Gewöhnliche Wiesen-Flockenblume,Centaurea jacea L. subsp. jacea,www.infoflora.ch/flora/1010830,Wegenstetten,AG,"Aerfematt / Buechmatt. Exposition: SE; Hauptvegetation: Halbtrockenrasen mit Fettzeigern; Verbuschung: 0 - 3 %; Hauptnutzung: Mähwiese oder Mähweide.",540-545,"2635563","1260172","5",A,,,"1998","6","8",,BAFU / OFEV / UFAM (TWW - PPS),Martin Monika,"440798",LC,K,L,,,,,,,LC,,,,,Asteraceae,,INN,,
infoflora:103595,Gefässpflanzen,Gemeines Hornkraut,Cerastium fontanum Baumg.,www.infoflora.ch/flora/1011390,Wegenstetten,AG,"Aerfematt / Buechmatt. Exposition: SE; Hauptvegetation: Halbtrockenrasen mit Fettzeigern; Verbuschung: 0 - 3 %; Hauptnutzung: Mähwiese oder Mähweide.",540-545,"2635563","1260172","5",A,,,"1998","6","8",,BAFU / OFEV / UFAM (TWW - PPS),Martin Monika,"440796",LC,K,,,,,,,,LC,,,,,Caryophyllaceae,,INN,,
infoflora:103595,Gefässpflanzen,Gemeines Hornkraut,Cerastium fontanum Baumg.,www.infoflora.ch/flora/1011390,Hellikon,AG,,,"2636500","1261500","707",B,,,"2006","5","3",,Kanton Aargau,Kradolfer Ursula,"7262866",LC,K,,,,,,,,LC,,,,,Caryophyllaceae,,INN,,
infoflora:103595,Gefässpflanzen,Gemeines Hornkraut,Cerastium fontanum Baumg.,www.infoflora.ch/flora/1011390,Hellikon,AG,,,"2636500","1261500","707",B,,,"2011","4","26",,Kanton Aargau,Kradolfer Ursula,"7268002",LC,K,,,,,,,,LC,,,,,Caryophyllaceae,,INN,,
infoflora:103595,Gefässpflanzen,Gemeines Hornkraut,Cerastium fontanum Baumg.,www.infoflora.ch/flora/1011390,Hellikon,AG,,,"2636500","1261500","707",B,,,"2016","4","21",,Kanton Aargau,Knecht Matthias,"7273197",LC,K,,,,,,,,LC,,,,,Caryophyllaceae,,INN,,
infoflora:103595,Gefässpflanzen,Gemeines Hornkraut,Cerastium fontanum Baumg.,www.infoflora.ch/flora/1011390,Hellikon,AG,,,"2636500","1261500","707",B,,,"2016","8","6",,Kanton Aargau,Knecht Matthias,"7296339",LC,K,,,,,,,,LC,,,,,Caryophyllaceae,,INN,,
infoflora:108300,Gefässpflanzen,Weisser Gänsefuss,Chenopodium album L.,www.infoflora.ch/flora/1011850,Hellikon,AG,,,"2636500","1261500","707",B,,,"2000","8","2",,Kanton Aargau,Kradolfer Ursula,"7282770",LC,K,,,,,,,,LC,,,,,Amaranthaceae,,INN,,
infoflora:113800,Gefässpflanzen,Acker-Kratzdistel,Cirsium arvense (L.) Scop.,www.infoflora.ch/flora/1012310,Wegenstetten,AG,Wiese / Feld,558-573,"2635514","1260193","22",A,Gering (<15%),,"2013","6","4",,"Kanton Aargau, Abteilung Landschaft und Gewässer",Meyer Fabian,"6052396",LC,K,,,,,,,,LC,,,,,Asteraceae,,INN,,
infoflora:113800,Gefässpflanzen,Acker-Kratzdistel,Cirsium arvense (L.) Scop.,www.infoflora.ch/flora/1012310,Wegenstetten,AG,Wiese / Feld,543-551,"2635591","1260309","9",A,Gering (<15%),,"2013","6","4",,"Kanton Aargau, Abteilung Landschaft und Gewässer",Meyer Fabian,"6052401",LC,K,,,,,,,,LC,,,,,Asteraceae,,INN,,
infoflora:113800,Gefässpflanzen,Acker-Kratzdistel,Cirsium arvense (L.) Scop.,www.infoflora.ch/flora/1012310,Wegenstetten,AG,Wiese / Feld,550-555,"2635565","1260274","9",A,Gering (<15%),,"2013","6","4",,"Kanton Aargau, Abteilung Landschaft und Gewässer",Meyer Fabian,"6052400",LC,K,,,,,,,,LC,,,,,Asteraceae,,INN,,
infoflora:113800,Gefässpflanzen,Acker-Kratzdistel,Cirsium arvense (L.) Scop.,www.infoflora.ch/flora/1012310,Wegenstetten,AG,Waldrand,564-574,"2635579","1260365","9",A,Gering (<15%),,"2013","6","4",,"Kanton Aargau, Abteilung Landschaft und Gewässer",Meyer Fabian,"6052407",LC,K,,,,,,,,LC,,,,,Asteraceae,,INN,,
infoflora:113800,Gefässpflanzen,Acker-Kratzdistel,Cirsium arvense (L.) Scop.,www.infoflora.ch/flora/1012310,Wegenstetten,AG,Wiese / Feld,563-575,"2635550","1260324","14",A,Gering (<15%),,"2013","6","4",,"Kanton Aargau, Abteilung Landschaft und Gewässer",Meyer Fabian,"6052404",LC,K,,,,,,,,LC,,,,,Asteraceae,,INN,,
infoflora:113800,Gefässpflanzen,Acker-Kratzdistel,Cirsium arvense (L.) Scop.,www.infoflora.ch/flora/1012310,Wegenstetten,AG,Wiese / Feld,538-541,"2635692","1260389","9",A,Gering (<15%),,"2013","6","4",,"Kanton Aargau, Abteilung Landschaft und Gewässer",Meyer Fabian,"6052409",LC,K,,,,,,,,LC,,,,,Asteraceae,,INN,,
infoflora:113800,Gefässpflanzen,Acker-Kratzdistel,Cirsium arvense (L.) Scop.,www.infoflora.ch/flora/1012310,Wegenstetten,AG,Wiese / Feld,567-570,"2635513","1260232","9",A,Gering (<15%),,"2013","6","4",,"Kanton Aargau, Abteilung Landschaft und Gewässer",Meyer Fabian,"6052398",LC,K,,,,,,,,LC,,,,,Asteraceae,,INN,,
infoflora:113800,Gefässpflanzen,Acker-Kratzdistel,Cirsium arvense (L.) Scop.,www.infoflora.ch/flora/1012310,Wegenstetten,AG,Wiese / Feld,536-554,"2635519","1260123","9",A,Gering (<15%),,"2013","6","4",,"Kanton Aargau, Abteilung Landschaft und Gewässer",Meyer Fabian,"6052395",LC,K,,,,,,,,LC,,,,,Asteraceae,,INN,,
infoflora:113800,Gefässpflanzen,Acker-Kratzdistel,Cirsium arvense (L.) Scop.,www.infoflora.ch/flora/1012310,Wegenstetten,AG,Wiese / Feld,567-570,"2635510","1260219","9",A,Gering (<15%),,"2013","6","4",,"Kanton Aargau, Abteilung Landschaft und Gewässer",Meyer Fabian,"6052397",LC,K,,,,,,,,LC,,,,,Asteraceae,,INN,,
infoflora:113800,Gefässpflanzen,Acker-Kratzdistel,Cirsium arvense (L.) Scop.,www.infoflora.ch/flora/1012310,Wegenstetten,AG,Wiese / Feld,531-547,"2635531","1260091","12",A,Gering (<15%),,"2013","6","4",,"Kanton Aargau, Abteilung Landschaft und Gewässer",Meyer Fabian,"6052393",LC,K,,,,,,,,LC,,,,,Asteraceae,,INN,,
infoflora:113800,Gefässpflanzen,Acker-Kratzdistel,Cirsium arvense (L.) Scop.,www.infoflora.ch/flora/1012310,Wegenstetten,AG,Wiese / Feld,551-562,"2635378","1260058","12",A,Gering (<15%),,"2013","6","4",,"Kanton Aargau, Abteilung Landschaft und Gewässer",Meyer Fabian,"6052328",LC,K,,,,,,,,LC,,,,,Asteraceae,,INN,,
infoflora:113800,Gefässpflanzen,Acker-Kratzdistel,Cirsium arvense (L.) Scop.,www.infoflora.ch/flora/1012310,Wegenstetten,AG,Wiese / Feld,551-562,"2635453","1260081","9",A,Gering (<15%),,"2013","6","4",,"Kanton Aargau, Abteilung Landschaft und Gewässer",Meyer Fabian,"6052379",LC,K,,,,,,,,LC,,,,,Asteraceae,,INN,,
infoflora:113800,Gefässpflanzen,Acker-Kratzdistel,Cirsium arvense (L.) Scop.,www.infoflora.ch/flora/1012310,Wegenstetten,AG,Wiese / Feld,557-569,"2635473","1260132","9",A,Gering (<15%),,"2013","6","4",,"Kanton Aargau, Abteilung Landschaft und Gewässer",Meyer Fabian,"6052384",LC,K,,,,,,,,LC,,,,,Asteraceae,,INN,,
infoflora:113800,Gefässpflanzen,Acker-Kratzdistel,Cirsium arvense (L.) Scop.,www.infoflora.ch/flora/1012310,Wegenstetten,AG,Wiese / Feld,534-550,"2635493","1260085","12",A,Gering (<15%),,"2013","6","4",,"Kanton Aargau, Abteilung Landschaft und Gewässer",Meyer Fabian,"6052385",LC,K,,,,,,,,LC,,,,,Asteraceae,,INN,,
infoflora:113800,Gefässpflanzen,Acker-Kratzdistel,Cirsium arvense (L.) Scop.,www.infoflora.ch/flora/1012310,Wegenstetten,AG,Wiese / Feld,562-574,"2635532","1260277","12",A,Gering (<15%),,"2013","6","4",,"Kanton Aargau, Abteilung Landschaft und Gewässer",Meyer Fabian,"6052399",LC,K,,,,,,,,LC,,,,,Asteraceae,,INN,,
infoflora:117700,Gefässpflanzen,Herbst-Zeitlose,Colchicum autumnale L.,www.infoflora.ch/flora/1012810,Wegenstetten,AG,"Aerfematt / Buechmatt. Exposition: SE; Hauptvegetation: Halbtrockenrasen mit Fettzeigern; Verbuschung: 0 - 3 %; Hauptnutzung: Mähwiese oder Mähweide.",540-545,"2635563","1260172","5",A,,,"1998","6","8",,BAFU / OFEV / UFAM (TWW - PPS),Martin Monika,"440811",LC,K,,,,,,,,LC,,,,,Colchicaceae,,INN,,
infoflora:123100,Gefässpflanzen,Wiesen-Pippau,Crepis biennis L.,www.infoflora.ch/flora/1013640,Wegenstetten,AG,"Aerfematt / Buechmatt. Exposition: SE; Hauptvegetation: Halbtrockenrasen mit Fettzeigern; Verbuschung: 0 - 3 %; Hauptnutzung: Mähwiese oder Mähweide.",540-545,"2635563","1260172","5",A,,,"1998","6","8",,BAFU / OFEV / UFAM (TWW - PPS),Martin Monika,"440791",LC,K,,,,,,,,LC,,,,,Asteraceae,,INN,,
infoflora:123100,Gefässpflanzen,Wiesen-Pippau,Crepis biennis L.,www.infoflora.ch/flora/1013640,Hellikon,AG,,,"2636500","1261500","707",B,,,"2006","8","2",,Kanton Aargau,Kradolfer Ursula,"7286154",LC,K,,,,,,,,LC,,,,,Asteraceae,,INN,,
infoflora:123100,Gefässpflanzen,Wiesen-Pippau,Crepis biennis L.,www.infoflora.ch/flora/1013640,Hellikon,AG,,,"2636500","1261500","707",B,,,"2006","5","3",,Kanton Aargau,Kradolfer Ursula,"7262867",LC,K,,,,,,,,LC,,,,,Asteraceae,,INN,,
infoflora:123100,Gefässpflanzen,Wiesen-Pippau,Crepis biennis L.,www.infoflora.ch/flora/1013640,Hellikon,AG,,,"2636500","1261500","707",B,,,"2011","4","26",,Kanton Aargau,Kradolfer Ursula,"7268003",LC,K,,,,,,,,LC,,,,,Asteraceae,,INN,,
infoflora:123100,Gefässpflanzen,Wiesen-Pippau,Crepis biennis L.,www.infoflora.ch/flora/1013640,Hellikon,AG,,,"2636500","1261500","707",B,,,"2016","4","21",,Kanton Aargau,Knecht Matthias,"7273215",LC,K,,,,,,,,LC,,,,,Asteraceae,,INN,,
infoflora:131800,Gefässpflanzen,Wiesen-Knäuelgras,Dactylis glomerata L.,www.infoflora.ch/flora/1014610,Hellikon,AG,,,"2636500","1261500","707",B,,,"2011","4","26",,Kanton Aargau,Kradolfer Ursula,"7268004",LC,K,,,,,,,,LC,,,,,Poaceae,,INN,,
infoflora:131800,Gefässpflanzen,Wiesen-Knäuelgras,Dactylis glomerata L.,www.infoflora.ch/flora/1014610,Hellikon,AG,,,"2636500","1261500","707",B,,,"2016","8","6",,Kanton Aargau,Knecht Matthias,"7296359",LC,K,,,,,,,,LC,,,,,Poaceae,,INN,,
infoflora:131800,Gefässpflanzen,Wiesen-Knäuelgras,Dactylis glomerata L.,www.infoflora.ch/flora/1014610,Hellikon,AG,,,"2636500","1261500","707",B,,,"2016","4","21",,Kanton Aargau,Knecht Matthias,"7273220",LC,K,,,,,,,,LC,,,,,Poaceae,,INN,,
infoflora:133900,Gefässpflanzen,Wilde Möhre,Daucus carota L.,www.infoflora.ch/flora/1014950,Wegenstetten,AG,"Aerfematt / Buechmatt. Exposition: SE; Hauptvegetation: Halbtrockenrasen mit Fettzeigern; Verbuschung: 0 - 3 %; Hauptnutzung: Mähwiese oder Mähweide.",540-545,"2635563","1260172","5",A,,,"1998","6","8",,BAFU / OFEV / UFAM (TWW - PPS),Martin Monika,"440805",LC,K,L,,,,,,,LC,,,,,Apiaceae,,INN,,
infoflora:133900,Gefässpflanzen,Wilde Möhre,Daucus carota L.,www.infoflora.ch/flora/1014950,Hellikon,AG,,,"2636500","1261500","707",B,,,"2006","8","2",,Kanton Aargau,Kradolfer Ursula,"7286155",LC,K,L,,,,,,,LC,,,,,Apiaceae,,INN,,
infoflora:133900,Gefässpflanzen,Wilde Möhre,Daucus carota L.,www.infoflora.ch/flora/1014950,Hellikon,AG,,,"2636500","1261500","707",B,,,"2006","5","3",,Kanton Aargau,Kradolfer Ursula,"7262868",LC,K,L,,,,,,,LC,,,,,Apiaceae,,INN,,
infoflora:153300,Gefässpflanzen,Scharfes Berufkraut,Erigeron acris L.,www.infoflora.ch/flora/1017440,Wegenstetten,AG,Auf Mittelstreifen von Feldweg,535-540,"2635580","1260170","50",A,,,"2013","9","11",,"Info Flora, Markus Krähenbühl",Krähenbühl Markus,"4076016",LC,K,,,,,,,,LC,,,,,Asteraceae,,INN,,
infoflora:153300,Gefässpflanzen,Scharfes Berufkraut,Erigeron acris L.,www.infoflora.ch/flora/1017440,Wegenstetten,AG,,524-584,"2635436","1260157","343",A,,,"2016","8","14",,"Kanton Aargau, Abteilung Landschaft und Gewässer",Bollack Lukas,"6056013",LC,K,,,,,,,,LC,,,,,Asteraceae,,INN,,
infoflora:153300,Gefässpflanzen,Scharfes Berufkraut,Erigeron acris L.,www.infoflora.ch/flora/1017440,Wegenstetten,AG,,524-584,"2635436","1260157","343",A,,,"2016","5","25",,"Kanton Aargau, Abteilung Landschaft und Gewässer",Bollack Lukas,"6056762",LC,K,,,,,,,,LC,,,,,Asteraceae,,INN,,
infoflora:153300,Gefässpflanzen,Scharfes Berufkraut,Erigeron acris L.,www.infoflora.ch/flora/1017440,Wegenstetten,AG,,524-584,"2635436","1260157","343",A,,,"2016","9","21",,"Kanton Aargau, Abteilung Landschaft und Gewässer",Bollack Lukas,"6057063",LC,K,,,,,,,,LC,,,,,Asteraceae,,INN,,
infoflora:153800,Gefässpflanzen,Einjähriges Berufkraut,Erigeron annuus (L.) Desf.,www.infoflora.ch/flora/1017510,Wegenstetten,AG,Wiese / Feld,570-578,"2635565","1260366","23",A,Gering (<15%),,"2013","6","4",,"Kanton Aargau, Abteilung Landschaft und Gewässer",Meyer Fabian,"6052408",,,,,,,,,,,,,,,Asteraceae,,NLS,"1",
infoflora:153800,Gefässpflanzen,Einjähriges Berufkraut,Erigeron annuus (L.) Desf.,www.infoflora.ch/flora/1017510,Wegenstetten,AG,Wegenstetten,524-584,"2635461","1260139","335",A,,,"2017","10","15",,"Kanton Aargau, Abteilung Landschaft und Gewässer",Bollack Lukas,"7786874",,,,,,,,,,,,,,,Asteraceae,,NLS,"1",
infoflora:153800,Gefässpflanzen,Einjähriges Berufkraut,Erigeron annuus (L.) Desf.,www.infoflora.ch/flora/1017510,Wegenstetten,AG,Wegenstetten,524-584,"2635461","1260139","335",A,,,"2017","8","31",,"Kanton Aargau, Abteilung Landschaft und Gewässer",Bollack Lukas,"7786800",,,,,,,,,,,,,,,Asteraceae,,NLS,"1",
infoflora:153800,Gefässpflanzen,Einjähriges Berufkraut,Erigeron annuus (L.) Desf.,www.infoflora.ch/flora/1017510,Wegenstetten,AG,,534-566,"2635542","1260166","25",A,,,"2018","8","2",,"Info Flora, Verein Naturnetz",Naturnetz Verein,"6841038",,,,,,,,,,,,,,,Asteraceae,,NLS,"1",
infoflora:153800,Gefässpflanzen,Einjähriges Berufkraut,Erigeron annuus (L.) Desf.,www.infoflora.ch/flora/1017510,Wegenstetten,AG,,551-562,"2635458","1260073","15",A,1–250 (Individuen),,"2021","7","30",,"Kanton Aargau, Abteilung Landschaft und Gewässer",Zehnder Thomas,"10602901",,,,,,,,,,,,,,,Asteraceae,,NLS,"1",
infoflora:153800,Gefässpflanzen,Einjähriges Berufkraut,Erigeron annuus (L.) Desf.,www.infoflora.ch/flora/1017510,Wegenstetten,AG,,551-562,"2635458","1260073","15",A,1–250 (Individuen),,"2021","6","15",,"Kanton Aargau, Abteilung Landschaft und Gewässer",Zehnder Thomas,"10371527",,,,,,,,,,,,,,,Asteraceae,,NLS,"1",
infoflora:153800,Gefässpflanzen,Einjähriges Berufkraut,Erigeron annuus (L.) Desf.,www.infoflora.ch/flora/1017510,Wegenstetten,AG,,550-557,"2635481","1260102","6",A,101–250 (Individuen),,"2022","8","12",,"Kanton Aargau, Abteilung Landschaft und Gewässer",Zehnder Thomas,"12530674",,,,,,,,,,,,,,,Asteraceae,,NLS,"1",
infoflora:153800,Gefässpflanzen,Einjähriges Berufkraut,Erigeron annuus (L.) Desf.,www.infoflora.ch/flora/1017510,Wegenstetten,AG,,557-569,"2635485","1260117","15",A,1–250 (Fläche [m²]),,"2022","6","3",,"Kanton Aargau, Abteilung Landschaft und Gewässer",Zehnder Thomas,"12148843",,,,,,,,,,,,,,,Asteraceae,,NLS,"1",
infoflora:153800,Gefässpflanzen,Einjähriges Berufkraut,Erigeron annuus (L.) Desf.,www.infoflora.ch/flora/1017510,Wegenstetten,AG,,550-558,"2635477","1260094","6",A,101–250 (Fläche [m²]),,"2022","10","14",,"Kanton Aargau, Abteilung Landschaft und Gewässer",Zehnder Thomas,"12696627",,,,,,,,,,,,,,,Asteraceae,,NLS,"1",
infoflora:169100,Gefässpflanzen,Wiesen-Schwingel,Festuca pratensis Huds.,www.infoflora.ch/flora/1019380,Hellikon,AG,,,"2636500","1261500","707",B,,,"2016","8","6",,Kanton Aargau,Knecht Matthias,"7296356",LC,K,,,,,,,,LC,,,,,Poaceae,,INN,,
infoflora:169100,Gefässpflanzen,Wiesen-Schwingel,Festuca pratensis Huds.,www.infoflora.ch/flora/1019380,Hellikon,AG,,,"2636500","1261500","707",B,,,"2016","4","21",,Kanton Aargau,Knecht Matthias,"7273217",LC,K,,,,,,,,LC,,,,,Poaceae,,INN,,
infoflora:170200,Gefässpflanzen,Rot-Schwingel,Festuca rubra aggr.,www.infoflora.ch/flora/1019470,Wegenstetten,AG,"Aerfematt / Buechmatt. Exposition: SE; Hauptvegetation: Halbtrockenrasen mit Fettzeigern; Verbuschung: 0 - 3 %; Hauptnutzung: Mähwiese oder Mähweide.",540-545,"2635563","1260172","5",A,,,"1998","6","8",,BAFU / OFEV / UFAM (TWW - PPS),Martin Monika,"440799",LC,K,,,,,,,,LC,,,,,Poaceae,,INN,,
infoflora:170100,Gefässpflanzen,Rot-Schwingel,Festuca rubra L.,www.infoflora.ch/flora/1019480,Hellikon,AG,,,"2636500","1261500","707",B,,,"2016","8","6",,Kanton Aargau,Knecht Matthias,"7296357",LC,K,,,,,,,,LC,,,,,Poaceae,,INN,,
infoflora:170100,Gefässpflanzen,Rot-Schwingel,Festuca rubra L.,www.infoflora.ch/flora/1019480,Hellikon,AG,,,"2636500","1261500","707",B,,,"2016","4","21",,Kanton Aargau,Knecht Matthias,"7273218",LC,K,,,,,,,,LC,,,,,Poaceae,,INN,,
infoflora:179000,Gefässpflanzen,Wiesen-Labkraut,Galium mollugo aggr.,www.infoflora.ch/flora/1020510,Hellikon,AG,,,"2636500","1261500","707",B,,,"2016","8","6",,Kanton Aargau,Knecht Matthias,"7296349",LC,K,,,,,,,,LC,,,,,Rubiaceae,,INN,,
infoflora:179000,Gefässpflanzen,Wiesen-Labkraut,Galium mollugo aggr.,www.infoflora.ch/flora/1020510,Hellikon,AG,,,"2636500","1261500","707",B,,,"2016","4","21",,Kanton Aargau,Knecht Matthias,"7273208",LC,K,,,,,,,,LC,,,,,Rubiaceae,,INN,,
infoflora:179700,Gefässpflanzen,Niedriges Labkraut,Galium pumilum Murray,www.infoflora.ch/flora/1020600,Wegenstetten,AG,"Aerfematt / Buechmatt. Exposition: SE; Hauptvegetation: Halbtrockenrasen mit Fettzeigern; Verbuschung: 0 - 3 %; Hauptnutzung: Mähwiese oder Mähweide.",540-545,"2635563","1260172","5",A,,,"1998","6","8",,BAFU / OFEV / UFAM (TWW - PPS),Martin Monika,"440808",LC,K,,,,,,,,LC,,,,,Rubiaceae,,INN,,
infoflora:196800,Gefässpflanzen,Flaum-Wiesenhafer,Helictotrichon pubescens (Huds.) Pilg.,www.infoflora.ch/flora/1022390,Hellikon,AG,,,"2636500","1261500","707",B,,,"2011","4","26",,Kanton Aargau,Kradolfer Ursula,"7268005",LC,K,L,,,,,,,LC,,,,,Poaceae,,INN,,
infoflora:198600,Gefässpflanzen,Gewöhnlicher Wiesen-Bärenklau,Heracleum sphondylium L. subsp. sphondylium,www.infoflora.ch/flora/1022600,Wegenstetten,AG,"Aerfematt / Buechmatt. Exposition: SE; Hauptvegetation: Halbtrockenrasen mit Fettzeigern; Verbuschung: 0 - 3 %; Hauptnutzung: Mähwiese oder Mähweide.",540-545,"2635563","1260172","5",A,,,"1998","6","8",,BAFU / OFEV / UFAM (TWW - PPS),Martin Monika,"440800",LC,K,,,,,,,,LC,,,,,Apiaceae,,INN,,
infoflora:206800,Gefässpflanzen,Wolliges Honiggras,Holcus lanatus L.,www.infoflora.ch/flora/1023630,Wegenstetten,AG,"Aerfematt / Buechmatt. Exposition: SE; Hauptvegetation: Halbtrockenrasen mit Fettzeigern; Verbuschung: 0 - 3 %; Hauptnutzung: Mähwiese oder Mähweide.",540-545,"2635563","1260172","5",A,,,"1998","6","8",,BAFU / OFEV / UFAM (TWW - PPS),Martin Monika,"440794",LC,K,,,,,,,,LC,,,,,Poaceae,,INN,,
infoflora:206800,Gefässpflanzen,Wolliges Honiggras,Holcus lanatus L.,www.infoflora.ch/flora/1023630,Hellikon,AG,,,"2636500","1261500","707",B,,,"2011","4","26",,Kanton Aargau,Kradolfer Ursula,"7268006",LC,K,,,,,,,,LC,,,,,Poaceae,,INN,,
infoflora:206800,Gefässpflanzen,Wolliges Honiggras,Holcus lanatus L.,www.infoflora.ch/flora/1023630,Hellikon,AG,,,"2636500","1261500","707",B,,,"2011","8","23",,Kanton Aargau,Kradolfer Ursula,"7291216",LC,K,,,,,,,,LC,,,,,Poaceae,,INN,,
infoflora:206800,Gefässpflanzen,Wolliges Honiggras,Holcus lanatus L.,www.infoflora.ch/flora/1023630,Hellikon,AG,,,"2636500","1261500","707",B,,,"2016","8","6",,Kanton Aargau,Knecht Matthias,"7296361",LC,K,,,,,,,,LC,,,,,Poaceae,,INN,,
infoflora:206800,Gefässpflanzen,Wolliges Honiggras,Holcus lanatus L.,www.infoflora.ch/flora/1023630,Hellikon,AG,,,"2636500","1261500","707",B,,,"2016","4","21",,Kanton Aargau,Knecht Matthias,"7273221",LC,K,,,,,,,,LC,,,,,Poaceae,,INN,,
infoflora:221400,Gefässpflanzen,Feld-Witwenblume,Knautia arvensis (L.) Coult.,www.infoflora.ch/flora/1025230,Wegenstetten,AG,"Aerfematt / Buechmatt. Exposition: SE; Hauptvegetation: Halbtrockenrasen mit Fettzeigern; Verbuschung: 0 - 3 %; Hauptnutzung: Mähwiese oder Mähweide.",540-545,"2635563","1260172","5",A,,,"1998","6","8",,BAFU / OFEV / UFAM (TWW - PPS),Martin Monika,"440801",LC,K,L,,,,,,,LC,,,,,Caprifoliaceae,,INN,,
infoflora:221400,Gefässpflanzen,Feld-Witwenblume,Knautia arvensis (L.) Coult.,www.infoflora.ch/flora/1025230,Hellikon,AG,,,"2636500","1261500","707",B,,,"2011","4","26",,Kanton Aargau,Kradolfer Ursula,"7268007",LC,K,L,,,,,,,LC,,,,,Caprifoliaceae,,INN,,
infoflora:221400,Gefässpflanzen,Feld-Witwenblume,Knautia arvensis (L.) Coult.,www.infoflora.ch/flora/1025230,Hellikon,AG,,,"2636500","1261500","707",B,,,"2016","4","21",,Kanton Aargau,Knecht Matthias,"7273209",LC,K,L,,,,,,,LC,,,,,Caprifoliaceae,,INN,,
infoflora:230400,Gefässpflanzen,Wiesen-Platterbse,Lathyrus pratensis L.,www.infoflora.ch/flora/1026050,Wegenstetten,AG,"Aerfematt / Buechmatt. Exposition: SE; Hauptvegetation: Halbtrockenrasen mit Fettzeigern; Verbuschung: 0 - 3 %; Hauptnutzung: Mähwiese oder Mähweide.",540-545,"2635563","1260172","5",A,,,"1998","6","8",,BAFU / OFEV / UFAM (TWW - PPS),Martin Monika,"440802",LC,K,L,,,,,,,LC,,,,,Fabaceae,,INN,,
infoflora:230400,Gefässpflanzen,Wiesen-Platterbse,Lathyrus pratensis L.,www.infoflora.ch/flora/1026050,Hellikon,AG,,,"2636500","1261500","707",B,,,"2006","8","2",,Kanton Aargau,Kradolfer Ursula,"7286156",LC,K,L,,,,,,,LC,,,,,Fabaceae,,INN,,
infoflora:230400,Gefässpflanzen,Wiesen-Platterbse,Lathyrus pratensis L.,www.infoflora.ch/flora/1026050,Hellikon,AG,,,"2636500","1261500","707",B,,,"2006","5","3",,Kanton Aargau,Kradolfer Ursula,"7262869",LC,K,L,,,,,,,LC,,,,,Fabaceae,,INN,,
infoflora:230400,Gefässpflanzen,Wiesen-Platterbse,Lathyrus pratensis L.,www.infoflora.ch/flora/1026050,Hellikon,AG,,,"2636500","1261500","707",B,,,"2011","4","26",,Kanton Aargau,Kradolfer Ursula,"7268008",LC,K,L,,,,,,,LC,,,,,Fabaceae,,INN,,
infoflora:233000,Gefässpflanzen,Raues Milchkraut,Leontodon hispidus L.,www.infoflora.ch/flora/1026330,Wegenstetten,AG,"Aerfematt / Buechmatt. Exposition: SE; Hauptvegetation: Halbtrockenrasen mit Fettzeigern; Verbuschung: 0 - 3 %; Hauptnutzung: Mähwiese oder Mähweide.",540-545,"2635563","1260172","5",A,,,"1998","6","8",,BAFU / OFEV / UFAM (TWW - PPS),Martin Monika,"440803",LC,K,,,,,,,,LC,,,,,Asteraceae,,INN,,
infoflora:233000,Gefässpflanzen,Raues Milchkraut,Leontodon hispidus L.,www.infoflora.ch/flora/1026330,Hellikon,AG,,,"2636500","1261500","707",B,,,"2006","8","2",,Kanton Aargau,Kradolfer Ursula,"7286157",LC,K,,,,,,,,LC,,,,,Asteraceae,,INN,,
infoflora:233000,Gefässpflanzen,Raues Milchkraut,Leontodon hispidus L.,www.infoflora.ch/flora/1026330,Hellikon,AG,,,"2636500","1261500","707",B,,,"2006","5","3",,Kanton Aargau,Kradolfer Ursula,"7262870",LC,K,,,,,,,,LC,,,,,Asteraceae,,INN,,
infoflora:233000,Gefässpflanzen,Raues Milchkraut,Leontodon hispidus L.,www.infoflora.ch/flora/1026330,Hellikon,AG,,,"2636500","1261500","707",B,,,"2016","8","6",,Kanton Aargau,Knecht Matthias,"7296352",LC,K,,,,,,,,LC,,,,,Asteraceae,,INN,,
infoflora:233000,Gefässpflanzen,Raues Milchkraut,Leontodon hispidus L.,www.infoflora.ch/flora/1026330,Hellikon,AG,,,"2636500","1261500","707",B,,,"2016","4","21",,Kanton Aargau,Knecht Matthias,"7273212",LC,K,,,,,,,,LC,,,,,Asteraceae,,INN,,
infoflora:236905,Gefässpflanzen,Wiesen-Margerite,Leucanthemum vulgare aggr.,www.infoflora.ch/flora/1026710,Wegenstetten,AG,"Aerfematt / Buechmatt. Exposition: SE; Hauptvegetation: Halbtrockenrasen mit Fettzeigern; Verbuschung: 0 - 3 %; Hauptnutzung: Mähwiese oder Mähweide.",540-545,"2635563","1260172","5",A,,,"1998","6","8",,BAFU / OFEV / UFAM (TWW - PPS),Martin Monika,"440804",LC,K,,,,,,,,LC,,,,,Asteraceae,,INN,,
infoflora:236905,Gefässpflanzen,Wiesen-Margerite,Leucanthemum vulgare aggr.,www.infoflora.ch/flora/1026710,Hellikon,AG,,,"2636500","1261500","707",B,,,"2006","5","3",,Kanton Aargau,Kradolfer Ursula,"7262871",LC,K,,,,,,,,LC,,,,,Asteraceae,,INN,,
infoflora:236905,Gefässpflanzen,Wiesen-Margerite,Leucanthemum vulgare aggr.,www.infoflora.ch/flora/1026710,Hellikon,AG,,,"2636500","1261500","707",B,,,"2006","8","2",,Kanton Aargau,Kradolfer Ursula,"7286158",LC,K,,,,,,,,LC,,,,,Asteraceae,,INN,,
infoflora:236905,Gefässpflanzen,Wiesen-Margerite,Leucanthemum vulgare aggr.,www.infoflora.ch/flora/1026710,Hellikon,AG,,,"2636500","1261500","707",B,,,"2011","4","26",,Kanton Aargau,Kradolfer Ursula,"7268009",LC,K,,,,,,,,LC,,,,,Asteraceae,,INN,,
infoflora:236905,Gefässpflanzen,Wiesen-Margerite,Leucanthemum vulgare aggr.,www.infoflora.ch/flora/1026710,Hellikon,AG,,,"2636500","1261500","707",B,,,"2016","4","21",,Kanton Aargau,Knecht Matthias,"7273210",LC,K,,,,,,,,LC,,,,,Asteraceae,,INN,,
infoflora:236905,Gefässpflanzen,Wiesen-Margerite,Leucanthemum vulgare aggr.,www.infoflora.ch/flora/1026710,Hellikon,AG,,,"2636500","1261500","707",B,,,"2016","8","6",,Kanton Aargau,Knecht Matthias,"7296350",LC,K,,,,,,,,LC,,,,,Asteraceae,,INN,,
infoflora:241100,Gefässpflanzen,Purgier-Lein,Linum catharticum L.,www.infoflora.ch/flora/1027130,Wegenstetten,AG,"Aerfematt / Buechmatt. Exposition: SE; Hauptvegetation: Halbtrockenrasen mit Fettzeigern; Verbuschung: 0 - 3 %; Hauptnutzung: Mähwiese oder Mähweide.",540-545,"2635563","1260172","5",A,,,"1998","6","8",,BAFU / OFEV / UFAM (TWW - PPS),Martin Monika,"440789",LC,K,,,,,,,,LC,,,,,Linaceae,,INN,,
infoflora:242700,Gefässpflanzen,Italienisches Raygras,Lolium multiflorum Lam.,www.infoflora.ch/flora/1027300,Hellikon,AG,,,"2636500","1261500","707",B,,,"2006","8","2",,Kanton Aargau,Kradolfer Ursula,"7286159",,,,,,,,,,,,,,,Poaceae,,NEO,"1",
infoflora:242700,Gefässpflanzen,Italienisches Raygras,Lolium multiflorum Lam.,www.infoflora.ch/flora/1027300,Hellikon,AG,,,"2636500","1261500","707",B,,,"2006","5","3",,Kanton Aargau,Kradolfer Ursula,"7262872",,,,,,,,,,,,,,,Poaceae,,NEO,"1",
infoflora:242800,Gefässpflanzen,Englisches Raygras,Lolium perenne L.,www.infoflora.ch/flora/1027310,Hellikon,AG,,,"2636500","1261500","707",B,,,"2000","8","2",,Kanton Aargau,Kradolfer Ursula,"7282771",LC,K,,,,,,,,LC,,,,,Poaceae,,INN,,
infoflora:242800,Gefässpflanzen,Englisches Raygras,Lolium perenne L.,www.infoflora.ch/flora/1027310,Hellikon,AG,,,"2636500","1261500","707",B,,,"2016","8","6",,Kanton Aargau,Knecht Matthias,"7296360",LC,K,,,,,,,,LC,,,,,Poaceae,,INN,,
infoflora:244410,Gefässpflanzen,Gemeiner Hornklee,Lotus corniculatus aggr.,www.infoflora.ch/flora/1027510,Hellikon,AG,,,"2636500","1261500","707",B,,,"2006","5","3",,Kanton Aargau,Kradolfer Ursula,"7262873",LC,K,,,,,,,,LC,,,,,Fabaceae,,INN,,
infoflora:244410,Gefässpflanzen,Gemeiner Hornklee,Lotus corniculatus aggr.,www.infoflora.ch/flora/1027510,Hellikon,AG,,,"2636500","1261500","707",B,,,"2006","8","2",,Kanton Aargau,Kradolfer Ursula,"7286160",LC,K,,,,,,,,LC,,,,,Fabaceae,,INN,,
infoflora:244410,Gefässpflanzen,Gemeiner Hornklee,Lotus corniculatus aggr.,www.infoflora.ch/flora/1027510,Hellikon,AG,,,"2636500","1261500","707",B,,,"2011","8","23",,Kanton Aargau,Kradolfer Ursula,"7291217",LC,K,,,,,,,,LC,,,,,Fabaceae,,INN,,
infoflora:244410,Gefässpflanzen,Gemeiner Hornklee,Lotus corniculatus aggr.,www.infoflora.ch/flora/1027510,Hellikon,AG,,,"2636500","1261500","707",B,,,"2011","4","26",,Kanton Aargau,Kradolfer Ursula,"7268010",LC,K,,,,,,,,LC,,,,,Fabaceae,,INN,,
infoflora:244410,Gefässpflanzen,Gemeiner Hornklee,Lotus corniculatus aggr.,www.infoflora.ch/flora/1027510,Hellikon,AG,,,"2636500","1261500","707",B,,,"2016","4","21",,Kanton Aargau,Knecht Matthias,"7273201",LC,K,,,,,,,,LC,,,,,Fabaceae,,INN,,
infoflora:244410,Gefässpflanzen,Gemeiner Hornklee,Lotus corniculatus aggr.,www.infoflora.ch/flora/1027510,Hellikon,AG,,,"2636500","1261500","707",B,,,"2016","8","6",,Kanton Aargau,Knecht Matthias,"7296344",LC,K,,,,,,,,LC,,,,,Fabaceae,,INN,,
infoflora:244400,Gefässpflanzen,Gewöhnlicher Hornklee,Lotus corniculatus L.,www.infoflora.ch/flora/1027520,Wegenstetten,AG,"Aerfematt / Buechmatt. Exposition: SE; Hauptvegetation: Halbtrockenrasen mit Fettzeigern; Verbuschung: 0 - 3 %; Hauptnutzung: Mähwiese oder Mähweide.",540-545,"2635563","1260172","5",A,,,"1998","6","8",,BAFU / OFEV / UFAM (TWW - PPS),Martin Monika,"440806",LC,K,L,,,,,,,LC,,,,,Fabaceae,,INN,,
infoflora:255300,Gefässpflanzen,Hopfenklee,Medicago lupulina L.,www.infoflora.ch/flora/1028530,Wegenstetten,AG,"Aerfematt / Buechmatt. Exposition: SE; Hauptvegetation: Halbtrockenrasen mit Fettzeigern; Verbuschung: 0 - 3 %; Hauptnutzung: Mähwiese oder Mähweide.",540-545,"2635563","1260172","5",A,,,"1998","6","8",,BAFU / OFEV / UFAM (TWW - PPS),Martin Monika,"440828",LC,K,L,,,,,,,LC,,,,,Fabaceae,,INN,,
infoflora:255300,Gefässpflanzen,Hopfenklee,Medicago lupulina L.,www.infoflora.ch/flora/1028530,Hellikon,AG,,,"2636500","1261500","707",B,,,"2006","8","2",,Kanton Aargau,Kradolfer Ursula,"7286161",LC,K,L,,,,,,,LC,,,,,Fabaceae,,INN,,
infoflora:255300,Gefässpflanzen,Hopfenklee,Medicago lupulina L.,www.infoflora.ch/flora/1028530,Hellikon,AG,,,"2636500","1261500","707",B,,,"2011","4","26",,Kanton Aargau,Kradolfer Ursula,"7268011",LC,K,L,,,,,,,LC,,,,,Fabaceae,,INN,,
infoflora:255300,Gefässpflanzen,Hopfenklee,Medicago lupulina L.,www.infoflora.ch/flora/1028530,Hellikon,AG,,,"2636500","1261500","707",B,,,"2016","8","6",,Kanton Aargau,Knecht Matthias,"7296341",LC,K,L,,,,,,,LC,,,,,Fabaceae,,INN,,
infoflora:255300,Gefässpflanzen,Hopfenklee,Medicago lupulina L.,www.infoflora.ch/flora/1028530,Hellikon,AG,,,"2636500","1261500","707",B,,,"2016","4","21",,Kanton Aargau,Knecht Matthias,"7273198",LC,K,L,,,,,,,LC,,,,,Fabaceae,,INN,,
infoflora:267100,Gefässpflanzen,Wald-Vergissmeinnicht,Myosotis sylvatica Hoffm.,www.infoflora.ch/flora/1029820,Hellikon,AG,,,"2636500","1261500","707",B,,,"2011","4","26",,Kanton Aargau,Kradolfer Ursula,"7268012",LC,K,,,,,,,,LC,,,,,Boraginaceae,,INN,,
infoflora:275600,Gefässpflanzen,Saat-Esparsette,Onobrychis viciifolia Scop.,www.infoflora.ch/flora/1030860,Wegenstetten,AG,"Aerfematt / Buechmatt. Exposition: SE; Hauptvegetation: Halbtrockenrasen mit Fettzeigern; Verbuschung: 0 - 3 %; Hauptnutzung: Mähwiese oder Mähweide.",540-545,"2635563","1260172","5",A,,,"1998","6","8",,BAFU / OFEV / UFAM (TWW - PPS),Martin Monika,"440829",,,L,,,,,,,,,,,,Fabaceae,,NEO,"1",
infoflora:275600,Gefässpflanzen,Saat-Esparsette,Onobrychis viciifolia Scop.,www.infoflora.ch/flora/1030860,Hellikon,AG,,,"2636500","1261500","707",B,,,"2006","8","2",,Kanton Aargau,Kradolfer Ursula,"7286162",,,L,,,,,,,,,,,,Fabaceae,,NEO,"1",
infoflora:275600,Gefässpflanzen,Saat-Esparsette,Onobrychis viciifolia Scop.,www.infoflora.ch/flora/1030860,Hellikon,AG,,,"2636500","1261500","707",B,,,"2006","5","3",,Kanton Aargau,Kradolfer Ursula,"7262874",,,L,,,,,,,,,,,,Fabaceae,,NEO,"1",
infoflora:300005,Gefässpflanzen,Wiesen-Lieschgras,Phleum pratense aggr.,www.infoflora.ch/flora/1033400,Hellikon,AG,,,"2636500","1261500","707",B,,,"2006","8","2",,Kanton Aargau,Kradolfer Ursula,"7286163",LC,K,,,,,,,,LC,,,,,Poaceae,,INN,,
infoflora:303100,Gefässpflanzen,Gewöhnliches Bitterkraut,Picris hieracioides L.,www.infoflora.ch/flora/1033830,Wegenstetten,AG,"Aerfematt / Buechmatt. Exposition: SE; Hauptvegetation: Halbtrockenrasen mit Fettzeigern; Verbuschung: 0 - 3 %; Hauptnutzung: Mähwiese oder Mähweide.",540-545,"2635563","1260172","5",A,,,"1998","6","8",,BAFU / OFEV / UFAM (TWW - PPS),Martin Monika,"440815",LC,K,,,,,,,,LC,,,,,Asteraceae,,INN,,
infoflora:307800,Gefässpflanzen,Spitz-Wegerich,Plantago lanceolata L.,www.infoflora.ch/flora/1034330,Wegenstetten,AG,"Aerfematt / Buechmatt. Exposition: SE; Hauptvegetation: Halbtrockenrasen mit Fettzeigern; Verbuschung: 0 - 3 %; Hauptnutzung: Mähwiese oder Mähweide.",540-545,"2635563","1260172","5",A,,,"1998","6","8",,BAFU / OFEV / UFAM (TWW - PPS),Martin Monika,"440823",LC,K,,,,,,,,LC,,,,,Plantaginaceae,,INN,,
infoflora:307800,Gefässpflanzen,Spitz-Wegerich,Plantago lanceolata L.,www.infoflora.ch/flora/1034330,Hellikon,AG,,,"2636500","1261500","707",B,,,"2011","4","26",,Kanton Aargau,Kradolfer Ursula,"7268013",LC,K,,,,,,,,LC,,,,,Plantaginaceae,,INN,,
infoflora:307800,Gefässpflanzen,Spitz-Wegerich,Plantago lanceolata L.,www.infoflora.ch/flora/1034330,Hellikon,AG,,,"2636500","1261500","707",B,,,"2011","8","23",,Kanton Aargau,Kradolfer Ursula,"7291218",LC,K,,,,,,,,LC,,,,,Plantaginaceae,,INN,,
infoflora:307800,Gefässpflanzen,Spitz-Wegerich,Plantago lanceolata L.,www.infoflora.ch/flora/1034330,Hellikon,AG,,,"2636500","1261500","707",B,,,"2016","4","21",,Kanton Aargau,Knecht Matthias,"7273205",LC,K,,,,,,,,LC,,,,,Plantaginaceae,,INN,,
infoflora:307800,Gefässpflanzen,Spitz-Wegerich,Plantago lanceolata L.,www.infoflora.ch/flora/1034330,Hellikon,AG,,,"2636500","1261500","707",B,,,"2016","8","6",,Kanton Aargau,Knecht Matthias,"7296347",LC,K,,,,,,,,LC,,,,,Plantaginaceae,,INN,,
infoflora:307850,Gefässpflanzen,Breit-Wegerich,Plantago major L.,www.infoflora.ch/flora/1034350,Hellikon,AG,,,"2636500","1261500","707",B,,,"2011","4","26",,Kanton Aargau,Kradolfer Ursula,"7268014",LC,K,,,,,,,,LC,,,,,Plantaginaceae,,INN,,
infoflora:308100,Gefässpflanzen,Mittlerer Wegerich,Plantago media L.,www.infoflora.ch/flora/1034390,Wegenstetten,AG,"Aerfematt / Buechmatt. Exposition: SE; Hauptvegetation: Halbtrockenrasen mit Fettzeigern; Verbuschung: 0 - 3 %; Hauptnutzung: Mähwiese oder Mähweide.",540-545,"2635563","1260172","5",A,,,"1998","6","8",,BAFU / OFEV / UFAM (TWW - PPS),Martin Monika,"440827",LC,K,L,,,,,,,LC,,,,,Plantaginaceae,,INN,,
infoflora:311295,Gefässpflanzen,Gemeines Rispengras,Poa trivialis L.,www.infoflora.ch/flora/1034690,Hellikon,AG,,,"2636500","1261500","707",B,,,"2006","5","3",,Kanton Aargau,Kradolfer Ursula,"7262875",LC,K,,,,,,,,LC,,,,,Poaceae,,INN,,
infoflora:311295,Gefässpflanzen,Gemeines Rispengras,Poa trivialis L.,www.infoflora.ch/flora/1034690,Hellikon,AG,,,"2636500","1261500","707",B,,,"2011","4","26",,Kanton Aargau,Kradolfer Ursula,"7268015",LC,K,,,,,,,,LC,,,,,Poaceae,,INN,,
infoflora:311295,Gefässpflanzen,Gemeines Rispengras,Poa trivialis L.,www.infoflora.ch/flora/1034690,Hellikon,AG,,,"2636500","1261500","707",B,,,"2016","4","21",,Kanton Aargau,Knecht Matthias,"7273219",LC,K,,,,,,,,LC,,,,,Poaceae,,INN,,
infoflora:311295,Gefässpflanzen,Gemeines Rispengras,Poa trivialis L.,www.infoflora.ch/flora/1034690,Hellikon,AG,,,"2636500","1261500","707",B,,,"2016","8","6",,Kanton Aargau,Knecht Matthias,"7296358",LC,K,,,,,,,,LC,,,,,Poaceae,,INN,,
infoflora:313195,Gefässpflanzen,Wiesen-Kreuzblume,Polygala vulgaris L.,www.infoflora.ch/flora/1034890,Wegenstetten,AG,"Aerfematt / Buechmatt. Exposition: SE; Hauptvegetation: Halbtrockenrasen mit Fettzeigern; Verbuschung: 0 - 3 %; Hauptnutzung: Mähwiese oder Mähweide.",525-569,"2635423","1260080","180",A,,,"1998","6","8",,BAFU / OFEV / UFAM (TWW - PPS),Martin Monika,"440813",LC,K,,,,,,,,LC,,,,,Polygalaceae,,INN,,
infoflora:314300,Gefässpflanzen,Vogel-Knöterich,Polygonum aviculare aggr.,www.infoflora.ch/flora/1034980,Hellikon,AG,,,"2636500","1261500","707",B,,,"2000","8","2",,Kanton Aargau,Kradolfer Ursula,"7282772",LC,K,,,,,,,,LC,,,,,Polygonaceae,,INN,,
infoflora:327195,Gefässpflanzen,Frühlings-Schlüsselblume,Primula veris L.,www.infoflora.ch/flora/1036330,Wegenstetten,AG,"Aerfematt / Buechmatt. Exposition: SE; Hauptvegetation: Halbtrockenrasen mit Fettzeigern; Verbuschung: 0 - 3 %; Hauptnutzung: Mähwiese oder Mähweide.",540-545,"2635563","1260172","5",A,,,"1998","6","8",,BAFU / OFEV / UFAM (TWW - PPS),Martin Monika,"440818",LC,K,,,,,,,,LC,,,,,Primulaceae,,INN,,
infoflora:327195,Gefässpflanzen,Frühlings-Schlüsselblume,Primula veris L.,www.infoflora.ch/flora/1036330,Hellikon,AG,,504-508,"2636015","1261175","6",A,,,"2021","3","24",,"Info Flora, Anja Trachsel",Trachsel Anja,"10201461",LC,K,,,,,,,,LC,,,,,Primulaceae,,INN,,
infoflora:327195,Gefässpflanzen,Frühlings-Schlüsselblume,Primula veris L.,www.infoflora.ch/flora/1036330,Hellikon,AG,,501-508,"2636018","1261169","8",A,,,"2021","3","24",,"Info Flora, Anja Trachsel",Trachsel Anja,"10201460",LC,K,,,,,,,,LC,,,,,Primulaceae,,INN,,
infoflora:328100,Gefässpflanzen,Kleine Brunelle,Prunella vulgaris L.,www.infoflora.ch/flora/1036480,Wegenstetten,AG,"Aerfematt / Buechmatt. Exposition: SE; Hauptvegetation: Halbtrockenrasen mit Fettzeigern; Verbuschung: 0 - 3 %; Hauptnutzung: Mähwiese oder Mähweide.",540-545,"2635563","1260172","5",A,,,"1998","6","8",,BAFU / OFEV / UFAM (TWW - PPS),Martin Monika,"440817",LC,K,,,,,,,,LC,,,,,Lamiaceae,,INN,,
infoflora:328100,Gefässpflanzen,Kleine Brunelle,Prunella vulgaris L.,www.infoflora.ch/flora/1036480,Hellikon,AG,,,"2636500","1261500","707",B,,,"2016","8","6",,Kanton Aargau,Knecht Matthias,"7296346",LC,K,,,,,,,,LC,,,,,Lamiaceae,,INN,,
infoflora:328100,Gefässpflanzen,Kleine Brunelle,Prunella vulgaris L.,www.infoflora.ch/flora/1036480,Hellikon,AG,,,"2636500","1261500","707",B,,,"2016","4","21",,Kanton Aargau,Knecht Matthias,"7273203",LC,K,,,,,,,,LC,,,,,Lamiaceae,,INN,,
infoflora:336595,Gefässpflanzen,Scharfer Hahnenfuss,Ranunculus acris L.,www.infoflora.ch/flora/1037370,Hellikon,AG,,,"2636500","1261500","707",B,,,"2011","4","26",,Kanton Aargau,Kradolfer Ursula,"7268016",LC,K,,,,,,,,LC,,,,,Ranunculaceae,,INN,,
infoflora:336595,Gefässpflanzen,Scharfer Hahnenfuss,Ranunculus acris L.,www.infoflora.ch/flora/1037370,Hellikon,AG,,,"2636500","1261500","707",B,,,"2016","4","21",,Kanton Aargau,Knecht Matthias,"7273195",LC,K,,,,,,,,LC,,,,,Ranunculaceae,,INN,,
infoflora:336595,Gefässpflanzen,Scharfer Hahnenfuss,Ranunculus acris L.,www.infoflora.ch/flora/1037370,Hellikon,AG,,,"2636500","1261500","707",B,,,"2016","8","6",,Kanton Aargau,Knecht Matthias,"7296338",LC,K,,,,,,,,LC,,,,,Ranunculaceae,,INN,,
infoflora:340900,Gefässpflanzen,Kriechender Hahnenfuss,Ranunculus repens L.,www.infoflora.ch/flora/1037840,Hellikon,AG,,,"2636500","1261500","707",B,,,"2006","5","3",,Kanton Aargau,Kradolfer Ursula,"7262876",LC,K,,,,,,,,LC,,,,,Ranunculaceae,,INN,,
infoflora:340900,Gefässpflanzen,Kriechender Hahnenfuss,Ranunculus repens L.,www.infoflora.ch/flora/1037840,Hellikon,AG,,,"2636500","1261500","707",B,,,"2011","4","26",,Kanton Aargau,Kradolfer Ursula,"7268017",LC,K,,,,,,,,LC,,,,,Ranunculaceae,,INN,,
infoflora:340900,Gefässpflanzen,Kriechender Hahnenfuss,Ranunculus repens L.,www.infoflora.ch/flora/1037840,Hellikon,AG,,,"2636500","1261500","707",B,,,"2016","4","21",,Kanton Aargau,Knecht Matthias,"7273196",LC,K,,,,,,,,LC,,,,,Ranunculaceae,,INN,,
infoflora:344100,Gefässpflanzen,Zottiger Klappertopf,Rhinanthus alectorolophus (Scop.) Pollich,www.infoflora.ch/flora/1038230,Wegenstetten,AG,"Aerfematt / Buechmatt. Exposition: SE; Hauptvegetation: Halbtrockenrasen mit Fettzeigern; Verbuschung: 0 - 3 %; Hauptnutzung: Mähwiese oder Mähweide.",540-545,"2635563","1260172","5",A,,,"1998","6","8",,BAFU / OFEV / UFAM (TWW - PPS),Martin Monika,"440816",LC,K,L,,,,,,,LC,,,,,Orobanchaceae,,INN,,
infoflora:344100,Gefässpflanzen,Zottiger Klappertopf,Rhinanthus alectorolophus (Scop.) Pollich,www.infoflora.ch/flora/1038230,Hellikon,AG,,,"2636500","1261500","707",B,,,"2011","4","26",,Kanton Aargau,Kradolfer Ursula,"7268018",LC,K,L,,,,,,,LC,,,,,Orobanchaceae,,INN,,
infoflora:344100,Gefässpflanzen,Zottiger Klappertopf,Rhinanthus alectorolophus (Scop.) Pollich,www.infoflora.ch/flora/1038230,Hellikon,AG,,,"2636500","1261500","707",B,,,"2016","4","21",,Kanton Aargau,Knecht Matthias,"7273207",LC,K,L,,,,,,,LC,,,,,Orobanchaceae,,INN,,
infoflora:358900,Gefässpflanzen,Wiesen-Sauerampfer,Rumex acetosa L.,www.infoflora.ch/flora/1040140,Hellikon,AG,,,"2636500","1261500","707",B,,,"2016","8","6",,Kanton Aargau,Knecht Matthias,"7296340",LC,K,,,,,,,,LC,,,,,Polygonaceae,,INN,,
infoflora:367600,Gefässpflanzen,Wiesen-Salbei,Salvia pratensis L.,www.infoflora.ch/flora/1041200,Wegenstetten,AG,"Aerfematt / Buechmatt. Exposition: SE; Hauptvegetation: Halbtrockenrasen mit Fettzeigern; Verbuschung: 0 - 3 %; Hauptnutzung: Mähwiese oder Mähweide.",540-545,"2635563","1260172","5",A,,,"1998","6","8",,BAFU / OFEV / UFAM (TWW - PPS),Martin Monika,"440826",LC,K,L,,,,,,,LC,,,,,Lamiaceae,,INN,,
infoflora:367600,Gefässpflanzen,Wiesen-Salbei,Salvia pratensis L.,www.infoflora.ch/flora/1041200,Hellikon,AG,,,"2636500","1261500","707",B,,,"2006","5","3",,Kanton Aargau,Kradolfer Ursula,"7262877",LC,K,L,,,,,,,LC,,,,,Lamiaceae,,INN,,
infoflora:367600,Gefässpflanzen,Wiesen-Salbei,Salvia pratensis L.,www.infoflora.ch/flora/1041200,Hellikon,AG,,,"2636500","1261500","707",B,,,"2006","8","2",,Kanton Aargau,Kradolfer Ursula,"7286164",LC,K,L,,,,,,,LC,,,,,Lamiaceae,,INN,,
infoflora:367600,Gefässpflanzen,Wiesen-Salbei,Salvia pratensis L.,www.infoflora.ch/flora/1041200,Hellikon,AG,,,"2636500","1261500","707",B,,,"2016","4","21",,Kanton Aargau,Knecht Matthias,"7273204",LC,K,L,,,,,,,LC,,,,,Lamiaceae,,INN,,
infoflora:368700,Gefässpflanzen,Gewöhnlicher Kleiner Wiesenknopf,Sanguisorba minor Scop. subsp. minor,www.infoflora.ch/flora/1041350,Wegenstetten,AG,"Aerfematt / Buechmatt. Exposition: SE; Hauptvegetation: Halbtrockenrasen mit Fettzeigern; Verbuschung: 0 - 3 %; Hauptnutzung: Mähwiese oder Mähweide.",540-545,"2635563","1260172","5",A,,,"1998","6","8",,BAFU / OFEV / UFAM (TWW - PPS),Martin Monika,"440795",LC,K,L,,,,,,,LC,,,,,Rosaceae,,INN,,
infoflora:413100,Gefässpflanzen,Gewöhnlicher Löwenzahn,Taraxacum officinale aggr.,www.infoflora.ch/flora/1046080,Wegenstetten,AG,"Aerfematt / Buechmatt. Exposition: SE; Hauptvegetation: Halbtrockenrasen mit Fettzeigern; Verbuschung: 0 - 3 %; Hauptnutzung: Mähwiese oder Mähweide.",540-545,"2635563","1260172","5",A,,,"1998","6","8",,BAFU / OFEV / UFAM (TWW - PPS),Martin Monika,"440825",LC,K,,,,,,,,LC,,,,,Asteraceae,,INN,,
infoflora:413100,Gefässpflanzen,Gewöhnlicher Löwenzahn,Taraxacum officinale aggr.,www.infoflora.ch/flora/1046080,Hellikon,AG,,,"2636500","1261500","707",B,,,"2006","8","2",,Kanton Aargau,Kradolfer Ursula,"7286165",LC,K,,,,,,,,LC,,,,,Asteraceae,,INN,,
infoflora:413100,Gefässpflanzen,Gewöhnlicher Löwenzahn,Taraxacum officinale aggr.,www.infoflora.ch/flora/1046080,Hellikon,AG,,,"2636500","1261500","707",B,,,"2006","5","3",,Kanton Aargau,Kradolfer Ursula,"7262878",LC,K,,,,,,,,LC,,,,,Asteraceae,,INN,,
infoflora:413100,Gefässpflanzen,Gewöhnlicher Löwenzahn,Taraxacum officinale aggr.,www.infoflora.ch/flora/1046080,Hellikon,AG,,,"2636500","1261500","707",B,,,"2011","4","26",,Kanton Aargau,Kradolfer Ursula,"7268019",LC,K,,,,,,,,LC,,,,,Asteraceae,,INN,,
infoflora:413100,Gefässpflanzen,Gewöhnlicher Löwenzahn,Taraxacum officinale aggr.,www.infoflora.ch/flora/1046080,Hellikon,AG,,,"2636500","1261500","707",B,,,"2011","8","23",,Kanton Aargau,Kradolfer Ursula,"7291219",LC,K,,,,,,,,LC,,,,,Asteraceae,,INN,,
infoflora:413100,Gefässpflanzen,Gewöhnlicher Löwenzahn,Taraxacum officinale aggr.,www.infoflora.ch/flora/1046080,Hellikon,AG,,,"2636500","1261500","707",B,,,"2016","4","21",,Kanton Aargau,Knecht Matthias,"7273214",LC,K,,,,,,,,LC,,,,,Asteraceae,,INN,,
infoflora:413100,Gefässpflanzen,Gewöhnlicher Löwenzahn,Taraxacum officinale aggr.,www.infoflora.ch/flora/1046080,Hellikon,AG,,,"2636500","1261500","707",B,,,"2016","8","6",,Kanton Aargau,Knecht Matthias,"7296354",LC,K,,,,,,,,LC,,,,,Asteraceae,,INN,,
infoflora:422950,Gefässpflanzen,Wiesen-Bocksbart,Tragopogon pratensis L.,www.infoflora.ch/flora/1047180,Wegenstetten,AG,"Aerfematt / Buechmatt. Exposition: SE; Hauptvegetation: Halbtrockenrasen mit Fettzeigern; Verbuschung: 0 - 3 %; Hauptnutzung: Mähwiese oder Mähweide.",540-545,"2635563","1260172","5",A,,,"1998","6","8",,BAFU / OFEV / UFAM (TWW - PPS),Martin Monika,"440830",LC,K,,,,,,,,LC,,,,,Asteraceae,,INN,,
infoflora:422950,Gefässpflanzen,Wiesen-Bocksbart,Tragopogon pratensis L.,www.infoflora.ch/flora/1047180,Hellikon,AG,,,"2636500","1261500","707",B,,,"2006","5","3",,Kanton Aargau,Kradolfer Ursula,"7262879",LC,K,,,,,,,,LC,,,,,Asteraceae,,INN,,
infoflora:422950,Gefässpflanzen,Wiesen-Bocksbart,Tragopogon pratensis L.,www.infoflora.ch/flora/1047180,Hellikon,AG,,,"2636500","1261500","707",B,,,"2006","8","2",,Kanton Aargau,Kradolfer Ursula,"7286166",LC,K,,,,,,,,LC,,,,,Asteraceae,,INN,,
infoflora:422950,Gefässpflanzen,Wiesen-Bocksbart,Tragopogon pratensis L.,www.infoflora.ch/flora/1047180,Hellikon,AG,,,"2636500","1261500","707",B,,,"2011","4","26",,Kanton Aargau,Kradolfer Ursula,"7268020",LC,K,,,,,,,,LC,,,,,Asteraceae,,INN,,
infoflora:422950,Gefässpflanzen,Wiesen-Bocksbart,Tragopogon pratensis L.,www.infoflora.ch/flora/1047180,Hellikon,AG,,,"2636500","1261500","707",B,,,"2011","8","23",,Kanton Aargau,Kradolfer Ursula,"7291220",LC,K,,,,,,,,LC,,,,,Asteraceae,,INN,,
infoflora:422950,Gefässpflanzen,Wiesen-Bocksbart,Tragopogon pratensis L.,www.infoflora.ch/flora/1047180,Hellikon,AG,,,"2636500","1261500","707",B,,,"2016","4","21",,Kanton Aargau,Knecht Matthias,"7273213",LC,K,,,,,,,,LC,,,,,Asteraceae,,INN,,
infoflora:422950,Gefässpflanzen,Wiesen-Bocksbart,Tragopogon pratensis L.,www.infoflora.ch/flora/1047180,Hellikon,AG,,,"2636500","1261500","707",B,,,"2016","8","6",,Kanton Aargau,Knecht Matthias,"7296353",LC,K,,,,,,,,LC,,,,,Asteraceae,,INN,,
infoflora:426895,Gefässpflanzen,Rot-Klee,Trifolium pratense L.,www.infoflora.ch/flora/1047600,Wegenstetten,AG,"Aerfematt / Buechmatt. Exposition: SE; Hauptvegetation: Halbtrockenrasen mit Fettzeigern; Verbuschung: 0 - 3 %; Hauptnutzung: Mähwiese oder Mähweide.",540-545,"2635563","1260172","5",A,,,"1998","6","8",,BAFU / OFEV / UFAM (TWW - PPS),Martin Monika,"440824",LC,K,,,,,,,,LC,,,,,Fabaceae,,INN,,
infoflora:426895,Gefässpflanzen,Rot-Klee,Trifolium pratense L.,www.infoflora.ch/flora/1047600,Hellikon,AG,,,"2636500","1261500","707",B,,,"2006","8","2",,Kanton Aargau,Kradolfer Ursula,"7286167",LC,K,,,,,,,,LC,,,,,Fabaceae,,INN,,
infoflora:426895,Gefässpflanzen,Rot-Klee,Trifolium pratense L.,www.infoflora.ch/flora/1047600,Hellikon,AG,,,"2636500","1261500","707",B,,,"2006","5","3",,Kanton Aargau,Kradolfer Ursula,"7262880",LC,K,,,,,,,,LC,,,,,Fabaceae,,INN,,
infoflora:426895,Gefässpflanzen,Rot-Klee,Trifolium pratense L.,www.infoflora.ch/flora/1047600,Hellikon,AG,,,"2636500","1261500","707",B,,,"2011","8","23",,Kanton Aargau,Kradolfer Ursula,"7291221",LC,K,,,,,,,,LC,,,,,Fabaceae,,INN,,
infoflora:426895,Gefässpflanzen,Rot-Klee,Trifolium pratense L.,www.infoflora.ch/flora/1047600,Hellikon,AG,,,"2636500","1261500","707",B,,,"2011","4","26",,Kanton Aargau,Kradolfer Ursula,"7268021",LC,K,,,,,,,,LC,,,,,Fabaceae,,INN,,
infoflora:426895,Gefässpflanzen,Rot-Klee,Trifolium pratense L.,www.infoflora.ch/flora/1047600,Hellikon,AG,,,"2636500","1261500","707",B,,,"2016","8","6",,Kanton Aargau,Knecht Matthias,"7296342",LC,K,,,,,,,,LC,,,,,Fabaceae,,INN,,
infoflora:426895,Gefässpflanzen,Rot-Klee,Trifolium pratense L.,www.infoflora.ch/flora/1047600,Hellikon,AG,,,"2636500","1261500","707",B,,,"2016","4","21",,Kanton Aargau,Knecht Matthias,"7273199",LC,K,,,,,,,,LC,,,,,Fabaceae,,INN,,
infoflora:427200,Gefässpflanzen,,Trifolium repens L. subsp. repens,www.infoflora.ch/flora/1047640,Hellikon,AG,,,"2636500","1261500","707",B,,,"2000","8","2",,Kanton Aargau,Kradolfer Ursula,"7282773",LC,K,,,,,,,,LC,,,,,Fabaceae,,INN,,
infoflora:427200,Gefässpflanzen,,Trifolium repens L. subsp. repens,www.infoflora.ch/flora/1047640,Hellikon,AG,,,"2636500","1261500","707",B,,,"2006","8","2",,Kanton Aargau,Kradolfer Ursula,"7286168",LC,K,,,,,,,,LC,,,,,Fabaceae,,INN,,
infoflora:427200,Gefässpflanzen,,Trifolium repens L. subsp. repens,www.infoflora.ch/flora/1047640,Hellikon,AG,,,"2636500","1261500","707",B,,,"2006","5","3",,Kanton Aargau,Kradolfer Ursula,"7262881",LC,K,,,,,,,,LC,,,,,Fabaceae,,INN,,
infoflora:427200,Gefässpflanzen,,Trifolium repens L. subsp. repens,www.infoflora.ch/flora/1047640,Hellikon,AG,,,"2636500","1261500","707",B,,,"2016","4","21",,Kanton Aargau,Knecht Matthias,"7273200",LC,K,,,,,,,,LC,,,,,Fabaceae,,INN,,
infoflora:427200,Gefässpflanzen,,Trifolium repens L. subsp. repens,www.infoflora.ch/flora/1047640,Hellikon,AG,,,"2636500","1261500","707",B,,,"2016","8","6",,Kanton Aargau,Knecht Matthias,"7296343",LC,K,,,,,,,,LC,,,,,Fabaceae,,INN,,
infoflora:429400,Gefässpflanzen,Wiesen-Goldhafer,Trisetum flavescens (L.) P. Beauv.,www.infoflora.ch/flora/1047890,Wegenstetten,AG,"Aerfematt / Buechmatt. Exposition: SE; Hauptvegetation: Halbtrockenrasen mit Fettzeigern; Verbuschung: 0 - 3 %; Hauptnutzung: Mähwiese oder Mähweide.",540-545,"2635563","1260172","5",A,,,"1998","6","8",,BAFU / OFEV / UFAM (TWW - PPS),Martin Monika,"440831",LC,K,,,,,,,,LC,,,,,Poaceae,,INN,,
infoflora:429400,Gefässpflanzen,Wiesen-Goldhafer,Trisetum flavescens (L.) P. Beauv.,www.infoflora.ch/flora/1047890,Hellikon,AG,,,"2636500","1261500","707",B,,,"2006","8","2",,Kanton Aargau,Kradolfer Ursula,"7286169",LC,K,,,,,,,,LC,,,,,Poaceae,,INN,,
infoflora:429400,Gefässpflanzen,Wiesen-Goldhafer,Trisetum flavescens (L.) P. Beauv.,www.infoflora.ch/flora/1047890,Hellikon,AG,,,"2636500","1261500","707",B,,,"2011","4","26",,Kanton Aargau,Kradolfer Ursula,"7268022",LC,K,,,,,,,,LC,,,,,Poaceae,,INN,,
infoflora:429400,Gefässpflanzen,Wiesen-Goldhafer,Trisetum flavescens (L.) P. Beauv.,www.infoflora.ch/flora/1047890,Hellikon,AG,,,"2636500","1261500","707",B,,,"2011","8","23",,Kanton Aargau,Kradolfer Ursula,"7291222",LC,K,,,,,,,,LC,,,,,Poaceae,,INN,,
infoflora:429400,Gefässpflanzen,Wiesen-Goldhafer,Trisetum flavescens (L.) P. Beauv.,www.infoflora.ch/flora/1047890,Hellikon,AG,,,"2636500","1261500","707",B,,,"2016","8","6",,Kanton Aargau,Knecht Matthias,"7296363",LC,K,,,,,,,,LC,,,,,Poaceae,,INN,,
infoflora:429400,Gefässpflanzen,Wiesen-Goldhafer,Trisetum flavescens (L.) P. Beauv.,www.infoflora.ch/flora/1047890,Hellikon,AG,,,"2636500","1261500","707",B,,,"2016","4","21",,Kanton Aargau,Knecht Matthias,"7273222",LC,K,,,,,,,,LC,,,,,Poaceae,,INN,,
infoflora:433400,Gefässpflanzen,Grosse Brennnessel,Urtica dioica L.,www.infoflora.ch/flora/1048360,Hellikon,AG,,,"2636500","1261500","707",B,,,"2006","8","2",,Kanton Aargau,Kradolfer Ursula,"7286170",LC,K,,,,,,,,LC,,,,,Urticaceae,,INN,,
infoflora:433400,Gefässpflanzen,Grosse Brennnessel,Urtica dioica L.,www.infoflora.ch/flora/1048360,Hellikon,AG,,,"2636500","1261500","707",B,,,"2006","5","3",,Kanton Aargau,Kradolfer Ursula,"7262882",LC,K,,,,,,,,LC,,,,,Urticaceae,,INN,,
infoflora:440800,Gefässpflanzen,Feld-Ehrenpreis,Veronica arvensis L.,www.infoflora.ch/flora/1049160,Hellikon,AG,,,"2636500","1261500","707",B,,,"2016","4","21",,Kanton Aargau,Knecht Matthias,"7273206",LC,K,L,,,,,,,LC,,,,,Plantaginaceae,,INN,,
infoflora:441400,Gefässpflanzen,Gamander-Ehrenpreis,Veronica chamaedrys L.,www.infoflora.ch/flora/1049210,Wegenstetten,AG,"Aerfematt / Buechmatt. Exposition: SE; Hauptvegetation: Halbtrockenrasen mit Fettzeigern; Verbuschung: 0 - 3 %; Hauptnutzung: Mähwiese oder Mähweide.",540-545,"2635563","1260172","5",A,,,"1998","6","8",,BAFU / OFEV / UFAM (TWW - PPS),Martin Monika,"440822",LC,K,,,,,,,,LC,,,,,Plantaginaceae,,INN,,
infoflora:441400,Gefässpflanzen,Gamander-Ehrenpreis,Veronica chamaedrys L.,www.infoflora.ch/flora/1049210,Hellikon,AG,,,"2636500","1261500","707",B,,,"2016","8","6",,Kanton Aargau,Knecht Matthias,"7296348",LC,K,,,,,,,,LC,,,,,Plantaginaceae,,INN,,
infoflora:441600,Gefässpflanzen,Faden-Ehrenpreis,Veronica filiformis Sm.,www.infoflora.ch/flora/1049260,Hellikon,AG,,,"2636500","1261500","707",B,,,"2006","5","3",,Kanton Aargau,Kradolfer Ursula,"7262884",,,,,,,,,,,,,,,Plantaginaceae,,NEO,"1",
infoflora:443395,Gefässpflanzen,Thymian-Ehrenpreis,Veronica serpyllifolia L.,www.infoflora.ch/flora/1049460,Hellikon,AG,,,"2636500","1261500","707",B,,,"2006","8","2",,Kanton Aargau,Kradolfer Ursula,"7286171",LC,K,,,,,,,,LC,,,,,Plantaginaceae,,INN,,
infoflora:444995,Gefässpflanzen,Vogel-Wicke,Vicia cracca L.,www.infoflora.ch/flora/1049620,Wegenstetten,AG,"Aerfematt / Buechmatt. Exposition: SE; Hauptvegetation: Halbtrockenrasen mit Fettzeigern; Verbuschung: 0 - 3 %; Hauptnutzung: Mähwiese oder Mähweide.",540-545,"2635563","1260172","5",A,,,"1998","6","8",,BAFU / OFEV / UFAM (TWW - PPS),Martin Monika,"440820",LC,K,,,,,,,,LC,,,,,Fabaceae,,INN,,
infoflora:447400,Gefässpflanzen,Zaun-Wicke,Vicia sepium L.,www.infoflora.ch/flora/1049860,Wegenstetten,AG,"Aerfematt / Buechmatt. Exposition: SE; Hauptvegetation: Halbtrockenrasen mit Fettzeigern; Verbuschung: 0 - 3 %; Hauptnutzung: Mähwiese oder Mähweide.",540-545,"2635563","1260172","5",A,,,"1998","6","8",,BAFU / OFEV / UFAM (TWW - PPS),Martin Monika,"440810",LC,K,,,,,,,,LC,,,,,Fabaceae,,INN,,
infoflora:450300,Gefässpflanzen,Behaartes Veilchen,Viola hirta L.,www.infoflora.ch/flora/1050170,Wegenstetten,AG,"Aerfematt / Buechmatt. Exposition: SE; Hauptvegetation: Halbtrockenrasen mit Fettzeigern; Verbuschung: 0 - 3 %; Hauptnutzung: Mähwiese oder Mähweide.",540-545,"2635563","1260172","5",A,,,"1998","6","8",,BAFU / OFEV / UFAM (TWW - PPS),Martin Monika,"440819",LC,K,,,,,,,,LC,,,,,Violaceae,,INN,,
